TimeStamp,FastNc_axis_SP1_AxTorqueAct,FastNc_axis_X_AxTorqueAct,FastNc_axis_Y1_AxTorqueAct,FastNc_axis_Z1_AxTorqueAct,FastNc_axis_SP1_AxVeloAct
2021-10-06 09:15:18.710,-1.95,1.03,-25.72,-1.81,954018.4
2021-10-06 09:15:18.716,-1.93,1.03,-18.42,-1.9,953936.0
2021-10-06 09:15:18.722,0.48,1.01,-17.29,-1.85,954141.9
2021-10-06 09:15:18.728,-0.88,1.03,-20.13,0.03,954018.4
2021-10-06 09:15:18.734,0.44,1.07,-22.85,3.72,954100.7
2021-10-06 09:15:18.740,-0.92,1.03,-24.62,7.15,954018.4
2021-10-06 09:15:18.746,-0.74,1.2,-25.28,6.12,954039.0
2021-10-06 09:15:18.752,-2.75,1.4,-25.31,3.18,953874.2
2021-10-06 09:15:18.758,-1.51,1.47,-25.35,3.25,954059.6
2021-10-06 09:15:18.764,-1.18,1.64,-25.5,3.87,954018.4
2021-10-06 09:15:18.770,-0.9,1.73,-25.84,2.94,953936.0
2021-10-06 09:15:18.776,-3.76,1.69,-26.27,2.4,953833.0
2021-10-06 09:15:18.782,-3.09,1.74,-26.69,2.64,953833.0
2021-10-06 09:15:18.788,-0.52,1.85,-26.69,2.6,954100.7
2021-10-06 09:15:18.794,-0.1,1.67,-26.43,2.32,954141.9
2021-10-06 09:15:18.800,-1.77,1.44,-26.28,2.29,953977.2
2021-10-06 09:15:18.806,-1.55,1.34,-26.28,2.38,953915.4
2021-10-06 09:15:18.812,-0.38,1.19,-26.25,2.46,954141.9
2021-10-06 09:15:18.818,-0.68,1.04,-26.24,2.41,954141.9
2021-10-06 09:15:18.824,-0.62,0.92,-26.17,2.52,954059.6
2021-10-06 09:15:18.830,-2.01,0.87,-26.09,2.66,953915.4
2021-10-06 09:15:18.836,-1.89,1.01,-25.94,2.64,954039.0
2021-10-06 09:15:18.842,-1.65,1.25,-25.81,2.66,954018.4
2021-10-06 09:15:18.848,-1.53,1.27,-25.76,2.8,954059.6
2021-10-06 09:15:18.854,-1.32,1.38,-25.64,2.67,953997.8
2021-10-06 09:15:18.860,-2.21,1.52,-25.59,2.55,953915.4
2021-10-06 09:15:18.866,-2.65,1.56,-25.53,2.52,953833.0
2021-10-06 09:15:18.872,-1.55,1.63,-25.5,2.66,953997.8
2021-10-06 09:15:18.878,-0.42,1.64,-25.46,2.49,954018.4
2021-10-06 09:15:18.884,-0.84,1.64,-25.43,2.41,953956.6
2021-10-06 09:15:18.890,-1.63,1.45,-25.43,2.4,953936.0
2021-10-06 09:15:18.896,-1.55,1.29,-25.42,2.46,953874.2
2021-10-06 09:15:18.902,-0.96,1.34,-25.39,2.46,954080.2
2021-10-06 09:15:18.908,-0.98,1.25,-25.36,2.5,954039.0
2021-10-06 09:15:18.914,-1.1,1.23,-25.32,2.51,954080.2
2021-10-06 09:15:18.920,-1.49,1.23,-25.26,2.59,954039.0
2021-10-06 09:15:18.926,-0.26,1.31,-25.18,2.69,954080.2
2021-10-06 09:15:18.932,-1.63,1.34,-25.09,2.72,953977.2
2021-10-06 09:15:18.938,-1.22,1.41,-25.02,2.68,954121.3
2021-10-06 09:15:18.944,-1.38,1.41,-24.95,2.69,953977.2
2021-10-06 09:15:18.950,-1.24,1.51,-24.87,2.65,954018.4
2021-10-06 09:15:18.956,-2.21,1.49,-24.8,2.55,953894.8
2021-10-06 09:15:18.962,-1.59,1.48,-24.71,2.51,954039.0
2021-10-06 09:15:18.968,-0.72,1.45,-24.69,2.52,954121.3
2021-10-06 09:15:18.974,-0.18,1.38,-24.63,2.43,954018.4
2021-10-06 09:15:18.980,-2.69,1.3,-24.62,2.35,953771.2
2021-10-06 09:15:18.986,-2.91,1.25,-24.55,2.35,953874.2
2021-10-06 09:15:18.992,-0.16,1.25,-24.56,2.52,954121.3
2021-10-06 09:15:18.998,-1.16,1.2,-24.54,2.52,954100.7
2021-10-06 09:15:19.004,-1.3,1.12,-24.48,2.49,953977.2
2021-10-06 09:15:19.010,-2.41,1.12,-24.51,2.63,953956.6
2021-10-06 09:15:19.016,-1.34,1.19,-24.51,2.66,954141.9
2021-10-06 09:15:19.022,-1.69,1.26,-24.59,2.66,953977.2
2021-10-06 09:15:19.028,-1.1,1.3,-24.62,2.68,954080.2
2021-10-06 09:15:19.034,-2.59,1.3,-24.66,2.66,954018.4
2021-10-06 09:15:19.040,-1.57,1.37,-24.73,2.62,953956.6
2021-10-06 09:15:19.046,-1.44,1.38,-24.8,2.74,953915.4
2021-10-06 09:15:19.052,-0.32,1.4,-24.85,2.69,954018.4
2021-10-06 09:15:19.058,-0.74,1.41,-24.92,2.47,954080.2
2021-10-06 09:15:19.064,-1.28,1.51,-24.99,2.47,953956.6
2021-10-06 09:15:19.070,-2.71,1.47,-25.02,2.54,953853.6
2021-10-06 09:15:19.076,-3.54,1.44,-25.02,2.52,953894.8
2021-10-06 09:15:19.082,-1.18,1.47,-25.07,2.45,954059.6
2021-10-06 09:15:19.088,-1.2,1.44,-25.06,2.48,954100.7
2021-10-06 09:15:19.094,-2.67,1.37,-25.04,2.44,953936.0
2021-10-06 09:15:19.100,-2.83,1.31,-25.03,2.49,953977.2
2021-10-06 09:15:19.106,-0.46,1.34,-25.0,2.58,954183.1
2021-10-06 09:15:19.112,-0.56,1.29,-24.98,2.58,954121.3
2021-10-06 09:15:19.118,-1.12,1.29,-24.92,2.55,954039.0
2021-10-06 09:15:19.124,-1.3,1.27,-24.91,2.66,954039.0
2021-10-06 09:15:19.130,-0.64,1.31,-24.87,2.65,953956.6
2021-10-06 09:15:19.136,-1.47,1.3,-24.82,2.55,953956.6
2021-10-06 09:15:19.142,-1.32,1.31,-24.77,2.58,954121.3
2021-10-06 09:15:19.148,-0.98,1.3,-24.77,2.58,953997.8
2021-10-06 09:15:19.154,-1.83,1.3,-24.77,2.54,953936.0
2021-10-06 09:15:19.160,-3.01,1.27,-24.77,2.46,953894.8
2021-10-06 09:15:19.166,-2.69,1.27,-24.77,2.57,953915.4
2021-10-06 09:15:19.172,-1.65,1.31,-24.77,2.57,954080.2
2021-10-06 09:15:19.178,-1.36,1.3,-24.8,2.48,954059.6
2021-10-06 09:15:19.184,-2.35,1.31,-24.81,2.44,953833.0
2021-10-06 09:15:19.190,-2.27,1.34,-24.8,2.54,953853.6
2021-10-06 09:15:19.196,0.38,1.37,-24.78,2.62,954121.3
2021-10-06 09:15:19.202,0.32,1.38,-24.81,2.65,954100.7
2021-10-06 09:15:19.208,-1.34,1.38,-24.77,2.58,953936.0
2021-10-06 09:15:19.214,-0.54,1.37,-24.76,2.57,954018.4
2021-10-06 09:15:19.220,0.82,1.36,-24.74,2.57,954141.9
2021-10-06 09:15:19.226,-0.5,1.36,-24.74,2.58,953997.8
2021-10-06 09:15:19.232,-0.5,1.37,-24.73,2.52,954121.3
2021-10-06 09:15:19.238,-1.32,1.33,-24.71,2.47,954039.0
2021-10-06 09:15:19.244,-1.34,1.36,-24.71,2.5,954039.0
2021-10-06 09:15:19.250,-2.83,1.3,-24.71,2.55,953874.2
2021-10-06 09:15:19.256,-1.47,1.31,-24.69,2.48,954059.6
2021-10-06 09:15:19.262,-1.99,1.31,-24.73,2.4,954059.6
2021-10-06 09:15:19.268,-1.63,1.31,-24.71,2.52,953977.2
2021-10-06 09:15:19.274,-1.87,1.29,-24.73,2.58,953853.6
2021-10-06 09:15:19.280,-2.65,1.25,-24.74,2.57,953874.2
2021-10-06 09:15:19.286,0.16,1.27,-24.73,2.59,954080.2
2021-10-06 09:15:19.292,0.56,1.29,-24.77,2.7,954162.5
2021-10-06 09:15:19.298,-1.81,1.29,-24.8,2.56,953956.6
2021-10-06 09:15:19.304,-1.63,1.31,-24.81,2.5,953936.0
2021-10-06 09:15:19.310,-1.69,1.37,-24.85,2.58,954059.6
2021-10-06 09:15:19.316,-0.56,1.34,-24.82,2.63,954080.2
2021-10-06 09:15:19.322,-2.01,1.41,-24.82,2.51,954018.4
2021-10-06 09:15:19.328,-2.03,1.38,-24.8,2.43,954059.6
2021-10-06 09:15:19.334,-1.67,1.45,-24.8,2.47,953894.8
2021-10-06 09:15:19.340,-2.03,1.45,-24.77,2.43,954018.4
2021-10-06 09:15:19.346,-1.59,1.42,-24.76,2.44,954080.2
2021-10-06 09:15:19.352,-1.53,1.42,-24.74,2.48,954018.4
2021-10-06 09:15:19.358,-1.42,1.41,-24.7,2.41,953956.6
2021-10-06 09:15:19.364,-2.17,1.31,-24.7,2.47,953915.4
2021-10-06 09:15:19.370,-1.67,1.27,-24.67,2.57,953956.6
2021-10-06 09:15:19.376,-0.42,1.25,-24.67,2.58,954121.3
2021-10-06 09:15:19.382,-0.78,1.26,-24.65,2.49,953977.2
2021-10-06 09:15:19.388,-1.47,1.22,-24.6,2.52,953915.4
2021-10-06 09:15:19.394,-2.99,1.2,-24.62,2.61,953833.0
2021-10-06 09:15:19.400,0.04,1.29,-24.62,2.62,954183.1
2021-10-06 09:15:19.406,-1.85,1.38,-24.62,2.56,954141.9
2021-10-06 09:15:19.412,-1.83,1.44,-24.62,2.6,954018.4
2021-10-06 09:15:19.418,-2.57,1.41,-24.66,2.6,954018.4
2021-10-06 09:15:19.424,-0.72,1.48,-24.66,2.56,954141.9
2021-10-06 09:15:19.430,-1.36,1.48,-24.71,2.46,953997.8
2021-10-06 09:15:19.436,-0.96,1.48,-24.71,2.6,954100.7
2021-10-06 09:15:19.442,-1.59,1.48,-24.73,2.55,954100.7
2021-10-06 09:15:19.448,-1.12,1.48,-24.7,2.46,953997.8
2021-10-06 09:15:19.454,-1.59,1.42,-24.73,2.43,953874.2
2021-10-06 09:15:19.460,-1.95,1.38,-24.74,2.49,953977.2
2021-10-06 09:15:19.466,-2.41,1.38,-24.77,2.47,953997.8
2021-10-06 09:15:19.472,-1.73,1.4,-24.77,2.45,954018.4
2021-10-06 09:15:19.478,-2.63,1.33,-24.71,2.51,953853.6
2021-10-06 09:15:19.484,-3.46,1.3,-24.77,2.52,953812.4
2021-10-06 09:15:19.490,-0.64,1.31,-24.78,2.51,953997.8
2021-10-06 09:15:19.496,-0.9,1.29,-24.78,2.59,954080.2
2021-10-06 09:15:19.502,-2.21,1.26,-24.8,2.57,953956.6
2021-10-06 09:15:19.508,-2.23,1.26,-24.8,2.49,953956.6
2021-10-06 09:15:19.514,-0.12,1.3,-24.84,2.56,954141.9
2021-10-06 09:15:19.520,-0.04,1.3,-24.85,2.66,954100.7
2021-10-06 09:15:19.526,-0.66,1.36,-24.89,2.59,953997.8
2021-10-06 09:15:19.532,-1.28,1.36,-24.91,2.53,953997.8
2021-10-06 09:15:19.538,-0.74,1.4,-24.92,2.52,954018.4
2021-10-06 09:15:19.544,-1.36,1.41,-24.93,2.48,953977.2
2021-10-06 09:15:19.550,-2.03,1.42,-24.92,2.55,954080.2
2021-10-06 09:15:19.556,-0.58,1.44,-24.93,2.49,954080.2
2021-10-06 09:15:19.562,-1.81,1.44,-24.91,2.43,953997.8
2021-10-06 09:15:19.568,-3.18,1.4,-24.85,2.5,953853.6
2021-10-06 09:15:19.574,-2.97,1.38,-24.8,2.5,953874.2
2021-10-06 09:15:19.580,-2.99,1.38,-24.74,2.41,953956.6
2021-10-06 09:15:19.586,-1.2,1.37,-24.66,2.47,953977.2
2021-10-06 09:15:19.592,-1.26,1.34,-24.62,2.41,953977.2
2021-10-06 09:15:19.598,-2.05,1.27,-24.56,2.4,953853.6
2021-10-06 09:15:19.604,-0.6,1.31,-24.52,2.55,954183.1
2021-10-06 09:15:19.610,-0.6,1.33,-24.47,2.59,954039.0
2021-10-06 09:15:19.616,-0.78,1.33,-24.43,2.55,953977.2
2021-10-06 09:15:19.622,-1.36,1.3,-24.44,2.49,953977.2
2021-10-06 09:15:19.628,-1.12,1.31,-24.41,2.52,954141.9
2021-10-06 09:15:19.634,-1.73,1.33,-24.47,2.56,954018.4
2021-10-06 09:15:19.640,-1.18,1.34,-24.45,2.56,954059.6
2021-10-06 09:15:19.646,-2.49,1.36,-24.49,2.58,953977.2
2021-10-06 09:15:19.652,-2.09,1.36,-24.49,2.55,953956.6
2021-10-06 09:15:19.658,-2.13,1.3,-24.48,2.48,953915.4
2021-10-06 09:15:19.664,-1.28,1.3,-24.54,2.49,953977.2
2021-10-06 09:15:19.670,-1.89,1.33,-24.55,2.57,954018.4
2021-10-06 09:15:19.676,-0.9,1.36,-24.58,2.55,954100.7
2021-10-06 09:15:19.682,-0.96,1.31,-24.62,2.44,953833.0
2021-10-06 09:15:19.688,-0.76,1.33,-24.62,2.39,953874.2
2021-10-06 09:15:19.694,-0.96,1.38,-24.63,2.54,954203.7
2021-10-06 09:15:19.700,-1.3,1.38,-24.63,2.55,954121.3
2021-10-06 09:15:19.706,-1.42,1.4,-24.66,2.47,954121.3
2021-10-06 09:15:19.712,-2.21,1.36,-24.65,2.45,953977.2
2021-10-06 09:15:19.718,-1.2,1.37,-24.63,2.58,954121.3
2021-10-06 09:15:19.724,-2.61,1.34,-24.67,2.54,954100.7
2021-10-06 09:15:19.730,-1.12,1.38,-24.6,2.57,953997.8
2021-10-06 09:15:19.736,-2.17,1.38,-24.6,2.58,953977.2
2021-10-06 09:15:19.742,-2.85,1.4,-24.56,2.51,954039.0
2021-10-06 09:15:19.748,-1.77,1.38,-24.58,2.48,953894.8
2021-10-06 09:15:19.754,-1.57,1.36,-24.58,2.58,954039.0
2021-10-06 09:15:19.760,-1.89,1.36,-24.55,2.48,953997.8
2021-10-06 09:15:19.766,-1.71,1.38,-24.59,2.46,953894.8
2021-10-06 09:15:19.772,-2.85,1.3,-24.6,2.52,953874.2
2021-10-06 09:15:19.778,-2.95,1.26,-24.56,2.65,953874.2
2021-10-06 09:15:19.784,-0.52,1.29,-24.62,2.52,953956.6
2021-10-06 09:15:19.790,-0.66,1.31,-24.6,2.46,954080.2
2021-10-06 09:15:19.796,-1.32,1.33,-24.63,2.57,953894.8
2021-10-06 09:15:19.802,-2.49,1.37,-24.66,2.63,953833.0
2021-10-06 09:15:19.808,-1.47,1.42,-24.65,2.47,954059.6
2021-10-06 09:15:19.814,-0.24,1.42,-24.66,2.51,954121.3
2021-10-06 09:15:19.820,-1.44,1.47,-24.66,2.64,954039.0
2021-10-06 09:15:19.826,-0.94,1.45,-24.63,2.54,953997.8
2021-10-06 09:15:19.832,-1.28,1.48,-24.6,2.41,954018.4
2021-10-06 09:15:19.838,-0.8,1.45,-24.59,2.48,953997.8
2021-10-06 09:15:19.844,-0.88,1.45,-24.63,2.56,954100.7
2021-10-06 09:15:19.850,-0.2,1.42,-24.59,2.61,954018.4
2021-10-06 09:15:19.856,-1.14,1.44,-24.56,2.51,953956.6
2021-10-06 09:15:19.862,-1.83,1.37,-24.54,2.43,953915.4
2021-10-06 09:15:19.868,-1.61,1.33,-24.51,2.5,953894.8
2021-10-06 09:15:19.874,-0.9,1.29,-24.52,2.53,954100.7
2021-10-06 09:15:19.880,-2.09,1.26,-24.45,2.55,953915.4
2021-10-06 09:15:19.886,-1.83,1.2,-24.45,2.47,953956.6
2021-10-06 09:15:19.892,-2.73,1.2,-24.43,2.52,953894.8
2021-10-06 09:15:19.898,-0.2,1.27,-24.47,2.63,954162.5
2021-10-06 09:15:19.904,-1.02,1.29,-24.48,2.6,954059.6
2021-10-06 09:15:19.910,-1.89,1.33,-24.47,2.52,954039.0
2021-10-06 09:15:19.916,-1.99,1.33,-24.48,2.55,953956.6
2021-10-06 09:15:19.922,0.46,1.38,-24.49,2.58,954100.7
2021-10-06 09:15:19.928,-0.94,1.38,-24.56,2.59,954018.4
2021-10-06 09:15:19.934,0.36,1.4,-24.56,2.56,954100.7
2021-10-06 09:15:19.940,-1.04,1.41,-24.59,2.63,954039.0
2021-10-06 09:15:19.946,-0.88,1.47,-24.59,2.52,954039.0
2021-10-06 09:15:19.952,-2.77,1.42,-24.58,2.47,953894.8
2021-10-06 09:15:19.958,-1.61,1.44,-24.6,2.57,954018.4
2021-10-06 09:15:19.964,-1.3,1.41,-24.63,2.42,953997.8
2021-10-06 09:15:19.970,-0.98,1.42,-24.59,0.63,953997.8
2021-10-06 09:15:19.976,-3.76,1.37,-24.6,-2.02,953812.4
2021-10-06 09:15:19.982,-3.14,4.96,-24.59,-1.78,953812.4
2021-10-06 09:15:19.988,-0.58,10.27,-24.6,0.35,954121.3
2021-10-06 09:15:19.994,-0.04,16.35,-24.55,0.9,954141.9
2021-10-06 09:15:20.000,-1.85,19.41,-24.52,0.64,953956.6
2021-10-06 09:15:20.006,-1.44,15.84,-24.56,1.08,953956.6
2021-10-06 09:15:20.012,-0.44,9.3,-24.52,1.55,954100.7
2021-10-06 09:15:20.018,-0.7,5.45,-24.49,1.54,954121.3
2021-10-06 09:15:20.024,-0.92,6.56,-24.43,1.52,954059.6
2021-10-06 09:15:20.030,-1.97,8.18,-24.36,1.59,953894.8
2021-10-06 09:15:20.036,-1.99,6.34,-24.33,1.61,954018.4
2021-10-06 09:15:20.042,-1.55,3.87,-24.32,1.63,954039.0
2021-10-06 09:15:20.048,-1.61,4.19,-24.33,1.65,954018.4
2021-10-06 09:15:20.054,-1.34,5.78,-24.29,1.64,954018.4
2021-10-06 09:15:20.060,-2.23,6.08,-24.25,1.6,953874.2
2021-10-06 09:15:20.066,-2.73,4.72,-24.21,1.52,953791.8
2021-10-06 09:15:20.072,-1.53,4.03,-24.18,1.45,954018.4
2021-10-06 09:15:20.078,-0.5,4.71,-24.11,1.41,954018.4
2021-10-06 09:15:20.084,-0.88,5.67,-24.06,1.34,953997.8
2021-10-06 09:15:20.090,-2.13,5.26,-23.99,1.3,953936.0
2021-10-06 09:15:20.096,-2.01,4.58,-23.93,1.24,953833.0
2021-10-06 09:15:20.102,-2.57,4.5,-23.84,1.31,953997.8
2021-10-06 09:15:20.108,-1.55,5.09,-23.75,1.38,953997.8
2021-10-06 09:15:20.114,-2.51,5.61,-23.85,1.41,954018.4
2021-10-06 09:15:20.120,-3.46,5.55,-23.86,1.21,954018.4
2021-10-06 09:15:20.126,-2.23,4.9,-23.82,1.06,953956.6
2021-10-06 09:15:20.132,-3.82,5.11,-23.71,1.1,953915.4
2021-10-06 09:15:20.138,-4.5,5.86,-24.06,1.04,953977.2
2021-10-06 09:15:20.144,-5.45,5.89,-23.81,1.1,953853.6
2021-10-06 09:15:20.150,-3.52,5.15,-23.82,1.46,954059.6
2021-10-06 09:15:20.156,-5.35,5.33,-24.33,1.34,953853.6
2021-10-06 09:15:20.162,-7.02,6.12,-24.44,1.04,953915.4
2021-10-06 09:15:20.168,-3.8,6.21,-24.23,0.65,954018.4
2021-10-06 09:15:20.174,-3.01,5.48,-24.11,0.6,954080.2
2021-10-06 09:15:20.180,-7.88,5.64,-24.43,0.62,953585.8
2021-10-06 09:15:20.186,-8.27,5.6,-23.95,0.98,953771.2
2021-10-06 09:15:20.192,-4.6,5.24,-24.04,1.63,954039.0
2021-10-06 09:15:20.198,-4.68,4.93,-24.56,1.77,954244.9
2021-10-06 09:15:20.204,-7.34,5.86,-24.19,1.13,953853.6
2021-10-06 09:15:20.210,-5.77,6.91,-24.25,1.02,954080.2
2021-10-06 09:15:20.216,-7.58,5.41,-24.08,1.29,954018.4
2021-10-06 09:15:20.222,-7.28,4.79,-24.19,1.08,953874.2
2021-10-06 09:15:20.228,-8.85,5.99,-23.85,0.95,953853.6
2021-10-06 09:15:20.234,-7.76,6.73,-23.56,1.15,954100.7
2021-10-06 09:15:20.240,-7.38,4.82,-24.29,1.56,953997.8
2021-10-06 09:15:20.246,-7.92,5.23,-24.12,0.9,953915.4
2021-10-06 09:15:20.252,-6.23,5.85,-24.14,1.16,953936.0
2021-10-06 09:15:20.258,-6.35,6.44,-24.01,0.21,954039.0
2021-10-06 09:15:20.264,-7.22,4.98,-23.75,0.42,954059.6
2021-10-06 09:15:20.270,-10.68,5.45,-23.74,0.4,953627.0
2021-10-06 09:15:20.276,-9.94,5.75,-23.55,1.66,953956.6
2021-10-06 09:15:20.282,-9.33,6.78,-24.22,1.35,954183.1
2021-10-06 09:15:20.288,-6.44,5.35,-23.86,1.12,954286.1
2021-10-06 09:15:20.294,-9.37,5.71,-23.7,0.96,953894.8
2021-10-06 09:15:20.300,-8.67,7.02,-23.89,0.99,954121.3
2021-10-06 09:15:20.306,-10.54,6.29,-23.68,1.07,953771.2
2021-10-06 09:15:20.312,-7.2,4.56,-23.88,1.68,954141.9
2021-10-06 09:15:20.318,-10.18,5.79,-23.24,1.4,953874.2
2021-10-06 09:15:20.324,-8.35,7.57,-23.92,1.41,954162.5
2021-10-06 09:15:20.330,-8.73,6.37,-23.89,1.72,953874.2
2021-10-06 09:15:20.336,-8.17,5.22,-23.22,1.29,954018.4
2021-10-06 09:15:20.342,-10.64,5.67,-24.36,1.01,953812.4
2021-10-06 09:15:20.348,-9.39,6.69,-23.73,0.1,953936.0
2021-10-06 09:15:20.354,-9.53,5.49,-23.38,0.95,954018.4
2021-10-06 09:15:20.360,-11.75,5.18,-24.03,0.96,953812.4
2021-10-06 09:15:20.366,-12.23,5.56,-23.71,2.07,953936.0
2021-10-06 09:15:20.372,-8.69,7.26,-24.12,0.98,954183.1
2021-10-06 09:15:20.378,-6.98,6.07,-23.59,1.08,954347.9
2021-10-06 09:15:20.384,-11.22,5.72,-24.03,0.37,953730.0
2021-10-06 09:15:20.390,-11.29,6.37,-23.7,0.96,953812.4
2021-10-06 09:15:20.396,-9.57,6.95,-23.45,1.34,953956.6
2021-10-06 09:15:20.402,-7.12,5.11,-23.95,2.07,954368.5
2021-10-06 09:15:20.408,-11.2,5.82,-23.37,1.38,953915.4
2021-10-06 09:15:20.414,-7.46,7.69,-24.15,1.68,954306.7
2021-10-06 09:15:20.420,-9.31,7.03,-23.81,1.73,953915.4
2021-10-06 09:15:20.426,-8.99,4.83,-23.62,1.49,953956.6
2021-10-06 09:15:20.432,-12.67,5.89,-24.26,0.81,953812.4
2021-10-06 09:15:20.438,-10.28,7.68,-23.37,0.76,954059.6
2021-10-06 09:15:20.444,-10.6,6.6,-23.74,1.44,954162.5
2021-10-06 09:15:20.450,-12.01,5.02,-24.19,1.62,953936.0
2021-10-06 09:15:20.456,-10.9,5.61,-24.26,2.17,953977.2
2021-10-06 09:15:20.462,-10.52,7.13,-24.45,0.77,954018.4
2021-10-06 09:15:20.468,-9.27,6.4,-24.01,0.6,954162.5
2021-10-06 09:15:20.474,-13.14,5.77,-24.49,0.34,953565.2
2021-10-06 09:15:20.480,-12.15,5.42,-23.45,1.57,953936.0
2021-10-06 09:15:20.486,-10.36,1.42,-24.03,1.68,954100.7
2021-10-06 09:15:20.492,-6.46,-7.15,-24.23,2.04,954471.5
2021-10-06 09:15:20.498,-10.32,-10.1,-23.81,1.27,954018.4
2021-10-06 09:15:20.504,-7.4,-6.58,-24.58,3.92,954244.9
2021-10-06 09:15:20.510,-8.47,-0.96,-24.29,6.83,954100.7
2021-10-06 09:15:20.516,-4.75,0.5,-24.43,8.48,954368.5
2021-10-06 09:15:20.522,-11.06,0.72,-23.99,5.31,953730.0
2021-10-06 09:15:20.528,-10.02,2.69,-24.04,4.47,953977.2
2021-10-06 09:15:20.534,-12.07,3.31,-24.41,6.17,953647.6
2021-10-06 09:15:20.540,-9.84,2.55,-24.71,5.82,954018.4
2021-10-06 09:15:20.546,-14.55,3.58,-25.07,3.86,953585.8
2021-10-06 09:15:20.552,-10.68,3.92,-24.62,3.17,954100.7
2021-10-06 09:15:20.558,-12.83,2.73,-24.65,3.49,953833.0
2021-10-06 09:15:20.564,-12.71,2.63,-24.62,3.3,953894.8
2021-10-06 09:15:20.570,-12.75,2.91,-23.71,4.26,953936.0
2021-10-06 09:15:20.576,-9.74,2.95,-24.21,4.31,954265.5
2021-10-06 09:15:20.582,-10.02,1.56,-24.47,4.92,954162.5
2021-10-06 09:15:20.588,-11.63,2.39,-24.81,3.95,953853.6
2021-10-06 09:15:20.594,-12.98,3.14,-24.67,3.55,953956.6
2021-10-06 09:15:20.600,-12.65,2.69,-24.43,3.07,953977.2
2021-10-06 09:15:20.606,-12.47,1.66,-23.52,4.42,954306.7
2021-10-06 09:15:20.612,-13.76,2.52,-23.19,4.21,953956.6
2021-10-06 09:15:20.618,-11.87,2.96,-24.17,4.64,954244.9
2021-10-06 09:15:20.624,-12.37,2.43,-24.52,5.09,953874.2
2021-10-06 09:15:20.630,-10.4,2.22,-24.25,4.54,954121.3
2021-10-06 09:15:20.636,-14.48,3.07,-24.33,3.05,953688.8
2021-10-06 09:15:20.642,-11.63,3.05,-23.95,3.14,954162.5
2021-10-06 09:15:20.648,-13.7,1.95,-23.26,3.92,953936.0
2021-10-06 09:15:20.654,-11.47,1.97,-24.04,4.14,954018.4
2021-10-06 09:15:20.660,-13.76,2.48,-24.11,5.09,953853.6
2021-10-06 09:15:20.666,-11.53,2.62,-24.21,4.25,954203.7
2021-10-06 09:15:20.672,-13.08,1.55,-24.51,4.02,953997.8
2021-10-06 09:15:20.678,-13.7,2.54,-24.41,3.36,953730.0
2021-10-06 09:15:20.684,-14.85,3.24,-23.73,4.05,953874.2
2021-10-06 09:15:20.690,-13.8,2.69,-23.57,3.57,953956.6
2021-10-06 09:15:20.696,-10.62,1.49,-23.23,4.79,954306.7
2021-10-06 09:15:20.702,-13.12,2.55,-23.89,5.34,953997.8
2021-10-06 09:15:20.708,-12.17,3.57,-24.66,4.97,954121.3
2021-10-06 09:15:20.714,-13.68,2.81,-24.4,4.75,953833.0
2021-10-06 09:15:20.720,-11.59,2.52,-24.11,4.67,954141.9
2021-10-06 09:15:20.726,-16.96,3.16,-23.24,4.09,953606.4
2021-10-06 09:15:20.732,-13.86,3.11,-22.91,3.62,954162.5
2021-10-06 09:15:20.738,-16.3,1.82,-23.56,6.23,953874.2
2021-10-06 09:15:20.744,-12.98,2.69,-24.41,5.91,954141.9
2021-10-06 09:15:20.750,-17.78,2.98,-24.58,5.7,953668.2
2021-10-06 09:15:20.756,-14.91,2.95,-24.27,4.98,954018.4
2021-10-06 09:15:20.762,-18.85,1.63,-24.03,5.19,953709.4
2021-10-06 09:15:20.768,-20.1,2.77,-22.78,4.38,953688.8
2021-10-06 09:15:20.774,-20.86,4.19,-22.85,5.95,953668.2
2021-10-06 09:15:20.780,-20.62,4.01,-23.13,7.74,954039.0
2021-10-06 09:15:20.786,-19.13,1.71,-22.64,6.76,953956.6
2021-10-06 09:15:20.792,-22.45,3.92,-23.29,7.46,953565.2
2021-10-06 09:15:20.798,-22.53,5.82,-22.56,7.67,953853.6
2021-10-06 09:15:20.804,-28.93,4.61,-20.96,7.7,953256.2
2021-10-06 09:15:20.810,-24.28,4.16,-21.03,6.62,954039.0
2021-10-06 09:15:20.816,-30.66,4.61,-20.99,10.66,953441.6
2021-10-06 09:15:20.822,-24.83,9.19,-21.43,6.5,954244.9
2021-10-06 09:15:20.828,-30.89,6.19,-20.39,9.18,953647.6
2021-10-06 09:15:20.834,-28.93,5.59,-21.49,9.77,953977.2
2021-10-06 09:15:20.840,-34.97,7.36,-19.77,9.73,953400.4
2021-10-06 09:15:20.846,-34.65,8.73,-20.54,5.47,953709.4
2021-10-06 09:15:20.852,-34.21,5.12,-19.38,10.21,953812.4
2021-10-06 09:15:20.858,-35.35,7.18,-20.98,9.62,953977.2
2021-10-06 09:15:20.864,-37.3,9.93,-19.88,9.18,953585.8
2021-10-06 09:15:20.870,-35.94,7.92,-19.66,9.04,953894.8
2021-10-06 09:15:20.876,-34.77,7.14,-20.54,10.05,954224.3
2021-10-06 09:15:20.882,-39.42,9.57,-18.44,9.47,953606.4
2021-10-06 09:15:20.888,-40.67,8.07,-19.07,10.62,953565.2
2021-10-06 09:15:20.894,-41.39,9.2,-18.63,8.63,953894.8
2021-10-06 09:15:20.900,-38.47,8.21,-18.85,10.16,954203.7
2021-10-06 09:15:20.906,-41.01,9.21,-18.13,11.75,953730.0
2021-10-06 09:15:20.912,-41.65,9.82,-18.72,9.85,953936.0
2021-10-06 09:15:20.918,-42.17,11.78,-17.69,8.68,953833.0
2021-10-06 09:15:20.924,-40.02,8.13,-17.89,12.25,954224.3
2021-10-06 09:15:20.930,-44.47,10.55,-17.89,10.12,953524.0
2021-10-06 09:15:20.936,-43.93,10.62,-18.01,7.48,953936.0
2021-10-06 09:15:20.942,-42.58,10.85,-17.28,9.37,953997.8
2021-10-06 09:15:20.948,-37.73,9.75,-18.3,10.24,954389.1
2021-10-06 09:15:20.954,-44.45,11.39,-18.72,9.23,953544.6
2021-10-06 09:15:20.960,-40.2,10.63,-17.58,5.66,954141.9
2021-10-06 09:15:20.966,-35.9,10.38,-18.39,8.85,954574.5
2021-10-06 09:15:20.972,-38.35,11.01,-18.52,8.05,954059.6
2021-10-06 09:15:20.978,-40.22,9.15,-18.02,8.07,953750.6
2021-10-06 09:15:20.984,-35.39,9.98,-18.35,5.59,954059.6
2021-10-06 09:15:20.990,-29.56,9.85,-18.74,7.54,954842.3
2021-10-06 09:15:20.996,-32.94,8.61,-18.71,7.84,954059.6
2021-10-06 09:15:21.002,-33.28,8.65,-18.75,6.68,954018.4
2021-10-06 09:15:21.008,-30.5,10.52,-18.71,6.05,954286.1
2021-10-06 09:15:21.014,-27.22,7.66,-19.74,7.81,954471.5
2021-10-06 09:15:21.020,-29.8,7.25,-18.7,7.65,954121.3
2021-10-06 09:15:21.026,-29.92,10.08,-19.49,5.02,954059.6
2021-10-06 09:15:21.032,-27.69,9.97,-19.37,5.98,954389.1
2021-10-06 09:15:21.038,-24.69,6.1,-19.3,7.49,954347.9
2021-10-06 09:15:21.044,-27.52,8.95,-20.57,5.95,954121.3
2021-10-06 09:15:21.050,-27.16,9.76,-20.22,3.75,953997.8
2021-10-06 09:15:21.056,-24.08,7.11,-20.0,6.44,954244.9
2021-10-06 09:15:21.062,-25.59,7.4,-20.99,5.65,954018.4
2021-10-06 09:15:21.068,-28.13,8.75,-20.88,6.04,953750.6
2021-10-06 09:15:21.074,-23.88,7.5,-21.03,5.08,954265.5
2021-10-06 09:15:21.080,-22.41,7.14,-21.0,6.08,954306.7
2021-10-06 09:15:21.086,-25.79,7.72,-21.13,4.81,953874.2
2021-10-06 09:15:21.092,-25.79,6.23,-21.76,6.07,953874.2
2021-10-06 09:15:21.098,-19.82,7.08,-21.55,4.81,954533.3
2021-10-06 09:15:21.104,-21.09,7.13,-22.06,5.48,954141.9
2021-10-06 09:15:21.110,-24.47,5.48,-22.12,5.74,953997.8
2021-10-06 09:15:21.116,-22.41,6.15,-21.87,4.86,954059.6
2021-10-06 09:15:21.122,-17.04,6.93,-22.43,4.14,954533.3
2021-10-06 09:15:21.128,-19.39,4.68,-22.76,5.17,954141.9
2021-10-06 09:15:21.134,-19.41,4.36,-22.76,5.58,954059.6
2021-10-06 09:15:21.140,-21.07,6.81,-22.9,2.72,953956.6
2021-10-06 09:15:21.146,-17.78,4.53,-22.53,5.73,954224.3
2021-10-06 09:15:21.152,-21.79,4.1,-23.02,5.8,953894.8
2021-10-06 09:15:21.158,-21.15,4.67,-23.15,4.84,953997.8
2021-10-06 09:15:21.164,-19.41,5.37,-22.79,4.02,954059.6
2021-10-06 09:15:21.170,-17.02,4.2,-23.01,6.49,954224.3
2021-10-06 09:15:21.176,-23.62,5.08,-22.72,5.19,953524.0
2021-10-06 09:15:21.182,-22.55,3.9,-22.75,5.59,953647.6
2021-10-06 09:15:21.188,-16.76,4.06,-23.01,4.06,954409.7
2021-10-06 09:15:21.194,-15.53,4.61,-22.97,4.59,954389.1
2021-10-06 09:15:21.200,-20.1,3.92,-23.04,5.45,953791.8
2021-10-06 09:15:21.206,-19.35,4.12,-22.91,5.94,953936.0
2021-10-06 09:15:21.212,-15.99,4.93,-22.75,4.53,954327.3
2021-10-06 09:15:21.218,-18.89,3.68,-23.49,4.58,953874.2
2021-10-06 09:15:21.224,-20.08,3.57,-22.82,4.91,953853.6
2021-10-06 09:15:21.230,-20.44,5.88,-23.38,-0.98,954018.4
2021-10-06 09:15:21.236,-16.44,4.24,-22.93,-3.13,954368.5
2021-10-06 09:15:21.242,-14.3,2.65,-23.22,-3.57,954368.5
2021-10-06 09:15:21.248,-10.64,2.95,-24.47,-4.89,954574.5
2021-10-06 09:15:21.254,-3.56,2.59,-24.43,-5.78,954945.3
2021-10-06 09:15:21.260,-0.98,0.13,-25.92,-3.25,954739.3
2021-10-06 09:15:21.266,-1.97,0.46,-26.12,-2.6,954224.3
2021-10-06 09:15:21.272,-2.33,1.0,-26.07,-3.3,954080.2
2021-10-06 09:15:21.278,-0.88,0.19,-26.21,-3.3,954121.3
2021-10-06 09:15:21.284,-1.24,0.04,-26.17,-2.63,954059.6
2021-10-06 09:15:21.290,-2.55,-0.22,-26.31,-2.44,953894.8
2021-10-06 09:15:21.296,-3.16,-0.22,-26.14,-2.94,953771.2
2021-10-06 09:15:21.302,-1.81,-0.16,-26.2,-2.7,954162.5
2021-10-06 09:15:21.308,-1.65,-0.39,-26.28,-2.34,954018.4
2021-10-06 09:15:21.314,-2.51,-0.6,-26.2,-2.72,954059.6
2021-10-06 09:15:21.320,-3.22,-0.38,-26.23,-2.67,953997.8
2021-10-06 09:15:21.326,-0.94,-0.26,-26.03,-2.62,954141.9
2021-10-06 09:15:21.332,-2.47,-0.49,-25.95,-2.8,954039.0
2021-10-06 09:15:21.338,-3.01,-0.41,-25.92,-2.75,954039.0
2021-10-06 09:15:21.344,-2.95,-0.26,-25.81,-2.65,953977.2
2021-10-06 09:15:21.350,-2.29,-0.08,-25.77,-2.46,954059.6
2021-10-06 09:15:21.356,-3.62,0.01,-25.61,-2.65,953915.4
2021-10-06 09:15:21.362,-3.96,0.2,-25.64,-2.59,953915.4
2021-10-06 09:15:21.368,-2.85,0.32,-25.55,-2.62,954080.2
2021-10-06 09:15:21.374,-1.57,0.59,-25.53,-2.49,954100.7
2021-10-06 09:15:21.380,-4.22,0.65,-25.53,-2.55,953771.2
2021-10-06 09:15:21.386,-5.75,0.86,-25.43,-2.68,953771.2
2021-10-06 09:15:21.392,-2.21,1.08,-25.4,-2.47,954121.3
2021-10-06 09:15:21.398,-2.59,0.86,-25.43,-2.48,954121.3
2021-10-06 09:15:21.404,-2.73,0.94,-25.36,-2.54,954018.4
2021-10-06 09:15:21.410,-5.11,1.09,-25.29,-2.6,953894.8
2021-10-06 09:15:21.416,-3.01,1.16,-25.2,-2.6,954183.1
2021-10-06 09:15:21.422,-3.01,0.79,-25.24,-2.54,954039.0
2021-10-06 09:15:21.428,-2.81,0.76,-25.22,-2.64,954059.6
2021-10-06 09:15:21.434,-4.89,0.74,-25.04,-2.62,953977.2
2021-10-06 09:15:21.440,-3.09,0.67,-24.99,-2.7,953997.8
2021-10-06 09:15:21.446,-2.87,0.53,-24.87,-2.6,953977.2
2021-10-06 09:15:21.452,-2.35,0.46,-24.85,-2.45,953956.6
2021-10-06 09:15:21.458,-2.85,0.35,-24.82,-2.53,954018.4
2021-10-06 09:15:21.464,-2.53,0.34,-24.6,-2.62,953997.8
2021-10-06 09:15:21.470,-4.08,0.34,-24.6,-2.67,953874.2
2021-10-06 09:15:21.476,-5.55,0.39,-24.65,-2.52,953853.6
2021-10-06 09:15:21.482,-2.77,0.46,-24.67,-2.37,954039.0
2021-10-06 09:15:21.488,-1.91,0.52,-24.62,-2.31,954162.5
2021-10-06 09:15:21.494,-3.5,0.5,-24.59,-2.53,953977.2
2021-10-06 09:15:21.500,-4.2,0.57,-24.66,-2.54,953977.2
2021-10-06 09:15:21.506,-1.4,0.63,-24.74,-2.37,954203.7
2021-10-06 09:15:21.512,-0.72,0.42,-24.85,-2.23,954203.7
2021-10-06 09:15:21.518,-1.44,0.37,-24.91,-2.59,954080.2
2021-10-06 09:15:21.524,-1.75,0.3,-24.93,-2.58,954039.0
2021-10-06 09:15:21.530,-1.1,0.23,-25.07,-2.35,953977.2
2021-10-06 09:15:21.536,-1.44,0.09,-25.11,-2.31,954039.0
2021-10-06 09:15:21.542,-1.24,-0.06,-25.25,-2.55,954080.2
2021-10-06 09:15:21.548,-1.3,-0.16,-25.21,-2.7,953977.2
2021-10-06 09:15:21.554,-2.13,-0.3,-25.24,-2.52,953936.0
2021-10-06 09:15:21.560,-3.12,-0.38,-25.39,-2.42,953894.8
2021-10-06 09:15:21.566,-2.81,-0.39,-25.33,-2.54,953936.0
2021-10-06 09:15:21.572,-2.21,-0.5,-25.46,-2.51,954059.6
2021-10-06 09:15:21.578,-1.69,-0.5,-25.28,-2.56,954080.2
2021-10-06 09:15:21.584,-2.43,-0.52,-25.36,-2.52,953874.2
2021-10-06 09:15:21.590,-2.67,-0.49,-25.43,-2.52,953833.0
2021-10-06 09:15:21.596,0.02,-0.46,-25.42,-2.44,954100.7
2021-10-06 09:15:21.602,0.28,-0.45,-25.5,-2.46,954162.5
2021-10-06 09:15:21.608,-1.44,-0.42,-25.43,-2.47,953915.4
2021-10-06 09:15:21.614,-0.82,-0.41,-25.57,-2.43,953997.8
2021-10-06 09:15:21.620,0.64,-0.35,-25.57,-2.39,954141.9
2021-10-06 09:15:21.626,-0.46,-0.38,-25.59,-2.45,954018.4
2021-10-06 09:15:21.632,-0.46,-0.34,-25.7,-2.39,954162.5
2021-10-06 09:15:21.638,-1.42,-0.33,-25.72,-2.5,954039.0
2021-10-06 09:15:21.644,-1.44,-0.28,-25.87,-2.57,954018.4
2021-10-06 09:15:21.650,-2.91,-0.26,-25.88,-2.48,953894.8
2021-10-06 09:15:21.656,-1.26,-0.22,-25.92,-2.4,954059.6
2021-10-06 09:15:21.662,-2.07,-0.17,-25.97,-2.51,954039.0
2021-10-06 09:15:21.668,-1.63,-0.12,-25.91,-2.6,953977.2
2021-10-06 09:15:21.674,-1.93,-0.09,-26.01,-2.47,953812.4
2021-10-06 09:15:21.680,-2.77,-0.08,-25.97,-2.34,953833.0
2021-10-06 09:15:21.686,0.0,-0.01,-25.95,-2.44,954059.6
2021-10-06 09:15:21.692,0.58,0.0,-25.98,-2.49,954121.3
2021-10-06 09:15:21.698,-1.81,-0.02,-25.92,-2.48,953894.8
2021-10-06 09:15:21.704,-1.77,-0.01,-25.99,-2.43,953915.4
2021-10-06 09:15:21.710,-1.69,0.0,-25.92,-2.37,954018.4
2021-10-06 09:15:21.716,-0.6,-0.04,-25.94,-2.49,954080.2
2021-10-06 09:15:21.722,-1.91,-0.01,-25.95,-2.54,953997.8
2021-10-06 09:15:21.728,-2.11,0.0,-25.98,-2.4,954059.6
2021-10-06 09:15:21.734,-1.61,0.0,-26.05,-2.33,953977.2
2021-10-06 09:15:21.740,-2.03,0.0,-26.02,-2.48,953997.8
2021-10-06 09:15:21.746,-1.55,0.0,-25.99,-2.54,954080.2
2021-10-06 09:15:21.752,-1.49,0.0,-26.03,-2.48,954039.0
2021-10-06 09:15:21.758,-1.24,0.02,-25.98,-2.43,953936.0
2021-10-06 09:15:21.764,-2.27,0.02,-26.01,-2.43,953894.8
2021-10-06 09:15:21.770,-1.55,0.05,-26.02,-2.38,953956.6
2021-10-06 09:15:21.776,-0.48,0.05,-26.01,-2.4,954100.7
2021-10-06 09:15:21.782,-0.54,0.08,-25.99,-2.44,954039.0
2021-10-06 09:15:21.788,-1.57,0.09,-26.01,-2.42,953936.0
2021-10-06 09:15:21.794,-2.79,0.09,-26.09,-2.37,953853.6
2021-10-06 09:15:21.800,-0.32,0.09,-26.05,-2.38,954141.9
2021-10-06 09:15:21.806,-1.81,0.13,-26.02,-2.35,954162.5
2021-10-06 09:15:21.812,-2.17,0.12,-26.02,-2.34,953977.2
2021-10-06 09:15:21.818,-2.51,0.1,-25.98,-2.48,954039.0
2021-10-06 09:15:21.824,-0.96,0.12,-26.02,-2.35,954059.6
2021-10-06 09:15:21.830,-1.4,0.17,-25.98,-2.29,953936.0
2021-10-06 09:15:21.836,-1.34,0.17,-25.95,-2.43,954080.2
2021-10-06 09:15:21.842,-1.77,0.1,-25.94,-2.54,954059.6
2021-10-06 09:15:21.848,-0.88,0.09,-25.9,-2.38,953997.8
2021-10-06 09:15:21.854,-1.91,0.08,-25.91,-2.26,953833.0
2021-10-06 09:15:21.860,-2.21,0.09,-25.87,-2.43,953956.6
2021-10-06 09:15:21.866,-2.51,0.06,-25.91,-2.57,953956.6
2021-10-06 09:15:21.872,-1.61,0.05,-25.9,-2.47,954039.0
2021-10-06 09:15:21.878,-2.93,0.05,-25.91,-2.38,953812.4
2021-10-06 09:15:21.884,-3.46,0.04,-25.87,-2.34,953853.6
2021-10-06 09:15:21.890,-0.96,0.01,-25.86,-2.45,954018.4
2021-10-06 09:15:21.896,-1.1,0.04,-25.86,-2.44,954059.6
2021-10-06 09:15:21.902,-2.47,0.04,-25.86,-2.45,953956.6
2021-10-06 09:15:21.908,-2.33,0.06,-25.87,-2.4,953915.4
2021-10-06 09:15:21.914,-0.36,0.08,-25.86,-2.27,954141.9
2021-10-06 09:15:21.920,-0.14,0.1,-25.79,-2.35,954121.3
2021-10-06 09:15:21.926,-0.94,0.06,-25.77,-2.45,953997.8
2021-10-06 09:15:21.932,-1.34,0.06,-25.69,-2.36,953997.8
2021-10-06 09:15:21.938,-0.78,0.05,-25.73,-2.31,954059.6
2021-10-06 09:15:21.944,-1.32,0.05,-25.76,-2.44,953977.2
2021-10-06 09:15:21.950,-2.19,0.02,-25.75,-1.84,954018.4
2021-10-06 09:15:21.956,-0.68,0.02,-25.75,1.01,954121.3
2021-10-06 09:15:21.962,-1.71,-1.47,-25.7,2.33,953977.2
2021-10-06 09:15:21.968,-3.44,-2.72,-25.73,0.73,953853.6
2021-10-06 09:15:21.974,-3.24,-4.53,-25.68,-0.65,953874.2
2021-10-06 09:15:21.980,-3.32,-10.77,-25.68,-0.68,953956.6
2021-10-06 09:15:21.986,-1.12,-19.11,-25.64,-0.92,954039.0
2021-10-06 09:15:21.992,-1.57,-19.73,-25.55,-1.34,953915.4
2021-10-06 09:15:21.998,-1.93,-11.92,-25.68,-1.49,953833.0
2021-10-06 09:15:22.004,-0.82,-4.35,-25.62,-1.46,954183.1
2021-10-06 09:15:22.010,-0.42,-4.54,-25.73,-1.42,954039.0
2021-10-06 09:15:22.016,-0.86,-8.01,-25.68,-1.4,953956.6
2021-10-06 09:15:22.022,-1.4,-7.79,-25.77,-1.44,953956.6
2021-10-06 09:15:22.028,-1.38,-3.65,-25.73,-1.47,954141.9
2021-10-06 09:15:22.034,-1.67,-2.13,-25.7,-1.45,954080.2
2021-10-06 09:15:22.040,-1.4,-4.59,-25.66,-1.51,954018.4
2021-10-06 09:15:22.046,-2.53,-6.55,-25.61,-1.46,953936.0
2021-10-06 09:15:22.052,-2.31,-5.42,-25.59,-1.45,953977.2
2021-10-06 09:15:22.058,-2.15,-3.93,-25.53,-1.34,953915.4
2021-10-06 09:15:22.064,-1.4,-4.16,-25.51,-1.3,953977.2
2021-10-06 09:15:22.070,-1.81,-5.46,-25.43,-1.24,954059.6
2021-10-06 09:15:22.076,-1.0,-5.44,-25.42,-1.2,954121.3
2021-10-06 09:15:22.082,-1.0,-4.78,-25.46,-1.17,953833.0
2021-10-06 09:15:22.088,-0.6,-4.24,-25.42,-1.11,953936.0
2021-10-06 09:15:22.094,-0.92,-4.42,-25.44,-1.09,954183.1
2021-10-06 09:15:22.100,-1.1,-4.89,-25.46,-1.12,954121.3
2021-10-06 09:15:22.106,-1.67,-5.05,-25.44,-1.12,954080.2
2021-10-06 09:15:22.112,-2.23,-4.63,-25.44,-1.12,953977.2
2021-10-06 09:15:22.118,-1.3,-4.35,-25.42,-1.13,954121.3
2021-10-06 09:15:22.124,-2.53,-4.43,-25.43,-1.12,954059.6
2021-10-06 09:15:22.130,-1.06,-5.02,-25.42,-1.13,953977.2
2021-10-06 09:15:22.136,-2.25,-5.3,-25.42,-1.14,954018.4
2021-10-06 09:15:22.142,-2.85,-4.74,-25.42,-1.15,954039.0
2021-10-06 09:15:22.148,-1.69,-4.39,-25.42,-1.13,953874.2
2021-10-06 09:15:22.154,-1.53,-4.86,-25.44,-1.1,954059.6
2021-10-06 09:15:22.160,-2.01,-5.42,-25.43,-1.11,953956.6
2021-10-06 09:15:22.166,-1.57,-5.19,-25.48,-1.11,953936.0
2021-10-06 09:15:22.172,-2.97,-4.42,-25.47,-1.08,953853.6
2021-10-06 09:15:22.178,-3.03,-4.35,-25.47,-1.07,953853.6
2021-10-06 09:15:22.184,-0.68,-4.67,-25.51,-1.06,954018.4
2021-10-06 09:15:22.190,-0.72,-4.78,-25.48,-1.1,954100.7
2021-10-06 09:15:22.196,-1.28,-4.79,-25.51,-1.07,953874.2
2021-10-06 09:15:22.202,-2.51,-4.83,-25.5,-1.09,953874.2
2021-10-06 09:15:22.208,-1.77,-4.61,-25.5,-1.11,954018.4
2021-10-06 09:15:22.214,-0.24,-4.64,-25.5,-1.1,954121.3
2021-10-06 09:15:22.220,-1.44,-5.11,-25.5,-1.1,954059.6
2021-10-06 09:15:22.226,-0.88,-5.31,-25.47,-1.11,954039.0
2021-10-06 09:15:22.232,-1.34,-4.72,-25.51,-1.1,954039.0
2021-10-06 09:15:22.238,-0.7,-4.43,-25.48,-1.1,954039.0
2021-10-06 09:15:22.244,-0.84,-4.65,-25.48,-1.09,954080.2
2021-10-06 09:15:22.250,-0.3,-5.27,-25.47,-1.1,953997.8
2021-10-06 09:15:22.256,-0.98,-4.86,-25.51,-1.1,953977.2
2021-10-06 09:15:22.262,-1.81,-4.46,-25.5,-1.09,953915.4
2021-10-06 09:15:22.268,-1.61,-4.3,-25.5,-1.08,953915.4
2021-10-06 09:15:22.274,-1.08,-4.54,-25.53,-1.06,954059.6
2021-10-06 09:15:22.280,-2.19,-4.82,-25.53,-1.09,953894.8
2021-10-06 09:15:22.286,-1.93,-4.76,-25.53,-1.1,953977.2
2021-10-06 09:15:22.292,-2.69,-4.64,-25.5,-1.1,953853.6
2021-10-06 09:15:22.298,-0.26,-4.6,-25.51,-1.08,954121.3
2021-10-06 09:15:22.304,-0.9,-4.61,-25.53,-1.09,954080.2
2021-10-06 09:15:22.310,-1.91,-5.02,-25.51,-1.1,953997.8
2021-10-06 09:15:22.316,-1.83,-5.16,-25.57,-1.08,953956.6
2021-10-06 09:15:22.322,0.5,-4.83,-25.57,-1.07,954121.3
2021-10-06 09:15:22.328,-0.72,-4.43,-25.55,-1.08,954039.0
2021-10-06 09:15:22.334,0.3,-4.67,-25.55,-1.09,954141.9
2021-10-06 09:15:22.340,-0.96,-5.12,-25.57,-1.09,954039.0
2021-10-06 09:15:22.346,-0.92,-4.87,-25.59,-1.09,954018.4
2021-10-06 09:15:22.352,-2.73,-4.34,-25.59,-1.09,953874.2
2021-10-06 09:15:22.358,-1.65,-4.32,-25.59,-1.09,953997.8
2021-10-06 09:15:22.364,-1.51,-4.87,-25.59,-1.07,953977.2
2021-10-06 09:15:22.370,-1.08,-4.82,-25.61,-1.07,953997.8
2021-10-06 09:15:22.376,-3.98,-4.65,-25.66,-1.08,953771.2
2021-10-06 09:15:22.382,-3.07,-4.76,-25.66,-1.09,953874.2
2021-10-06 09:15:22.388,-0.68,-4.81,-25.65,-1.08,954121.3
2021-10-06 09:15:22.394,-0.08,-4.72,-25.68,-1.07,954162.5
2021-10-06 09:15:22.400,-1.85,-4.92,-25.68,-1.08,953956.6
2021-10-06 09:15:22.406,-1.49,-5.04,-25.72,-1.07,953936.0
2021-10-06 09:15:22.412,-0.4,-4.64,-25.72,-1.08,954080.2
2021-10-06 09:15:22.418,-0.64,-4.57,-25.69,-1.08,954121.3
2021-10-06 09:15:22.424,-0.78,-4.81,-25.69,-1.07,954018.4
2021-10-06 09:15:22.430,-1.93,-5.13,-25.68,-1.06,953915.4
2021-10-06 09:15:22.436,-2.07,-4.72,-25.66,-1.07,954039.0
2021-10-06 09:15:22.442,-1.51,-4.38,-25.64,-1.07,954018.4
2021-10-06 09:15:22.448,-1.44,-4.6,-25.62,-1.07,954018.4
2021-10-06 09:15:22.454,-1.18,-5.05,-25.62,-1.07,954039.0
2021-10-06 09:15:22.460,-2.21,-5.11,-25.61,-1.09,953894.8
2021-10-06 09:15:22.466,-2.71,-4.9,-25.61,-1.09,953812.4
2021-10-06 09:15:22.472,-1.55,-4.57,-25.62,-1.07,953977.2
2021-10-06 09:15:22.478,-0.44,-4.74,-25.59,-1.09,954039.0
2021-10-06 09:15:22.484,-0.76,-4.89,-25.65,-1.07,954039.0
2021-10-06 09:15:22.490,-1.67,-4.89,-25.62,-1.09,953956.6
2021-10-06 09:15:22.496,-1.47,-4.79,-25.64,-1.06,953853.6
2021-10-06 09:15:22.502,-0.92,-4.64,-25.62,-1.06,954121.3
2021-10-06 09:15:22.508,-0.82,-4.5,-25.62,-1.07,954018.4
2021-10-06 09:15:22.514,-1.16,-4.78,-25.62,-1.06,954059.6
2021-10-06 09:15:22.520,-1.42,-5.08,-25.59,-1.06,954059.6
2021-10-06 09:15:22.526,-0.3,-4.7,-25.62,-1.05,954039.0
2021-10-06 09:15:22.532,-1.73,-4.48,-25.64,-1.07,954018.4
2021-10-06 09:15:22.538,-1.26,-4.63,-25.65,-1.04,954141.9
2021-10-06 09:15:22.544,-1.22,-5.26,-25.65,-1.07,954039.0
2021-10-06 09:15:22.550,-1.36,-5.2,-25.64,-1.09,953997.8
2021-10-06 09:15:22.556,-2.25,-4.72,-25.66,-1.07,953894.8
2021-10-06 09:15:22.562,-1.65,-4.56,-25.65,-1.07,953997.8
2021-10-06 09:15:22.568,-0.82,-4.89,-25.62,-1.09,954141.9
2021-10-06 09:15:22.574,-0.26,-4.87,-25.64,-1.07,953956.6
2021-10-06 09:15:22.580,-2.81,-5.0,-25.59,-1.09,953750.6
2021-10-06 09:15:22.586,-2.85,-4.96,-25.57,-1.08,953894.8
2021-10-06 09:15:22.592,-1.06,-4.68,-25.64,-1.01,954018.4
2021-10-06 09:15:22.598,-2.63,-4.57,-25.68,-1.1,953956.6
2021-10-06 09:15:22.604,-2.77,-4.94,-25.72,-1.21,953915.4
2021-10-06 09:15:22.610,-4.36,-5.19,-25.8,-1.28,953874.2
2021-10-06 09:15:22.616,-3.42,-4.76,-25.87,-1.34,954080.2
2021-10-06 09:15:22.622,-4.1,-4.79,-25.77,-0.97,953894.8
2021-10-06 09:15:22.628,-2.65,-4.85,-25.84,-0.79,954141.9
2021-10-06 09:15:22.634,-5.59,-5.31,-26.17,-0.93,953956.6
2021-10-06 09:15:22.640,-5.25,-5.2,-25.98,-0.92,953791.8
2021-10-06 09:15:22.646,-4.79,-4.85,-26.21,-0.67,953915.4
2021-10-06 09:15:22.652,-3.8,-4.38,-26.35,-0.82,954059.6
2021-10-06 09:15:22.658,-6.17,-5.04,-26.03,-1.07,953936.0
2021-10-06 09:15:22.664,-5.25,-5.6,-25.81,-1.03,953874.2
2021-10-06 09:15:22.670,-6.86,-5.4,-26.02,-0.31,953936.0
2021-10-06 09:15:22.676,-7.18,-4.32,-26.47,-0.48,953977.2
2021-10-06 09:15:22.682,-7.32,-4.53,-26.18,-0.31,953750.6
2021-10-06 09:15:22.688,-5.63,-5.37,-26.29,-0.39,954080.2
2021-10-06 09:15:22.694,-9.88,-5.22,-26.43,-0.96,953791.8
2021-10-06 09:15:22.700,-8.73,-4.48,-26.1,-1.59,953977.2
2021-10-06 09:15:22.706,-5.01,-4.78,-26.43,-0.59,954121.3
2021-10-06 09:15:22.712,-5.71,-6.15,-26.36,-0.53,954224.3
2021-10-06 09:15:22.718,-8.45,-5.04,-26.72,-0.66,953791.8
2021-10-06 09:15:22.724,-7.46,-4.75,-26.46,-1.01,953833.0
2021-10-06 09:15:22.730,-6.64,-5.48,-26.23,-0.26,953874.2
2021-10-06 09:15:22.736,-8.83,-5.84,-26.69,-0.71,953956.6
2021-10-06 09:15:22.742,-8.09,-4.19,-26.32,-0.49,954121.3
2021-10-06 09:15:22.748,-6.11,-4.72,-26.01,-0.86,954059.6
2021-10-06 09:15:22.754,-9.21,-5.78,-26.14,-0.14,953915.4
2021-10-06 09:15:22.760,-9.74,-5.71,-26.43,-0.41,953853.6
2021-10-06 09:15:22.766,-7.82,-4.28,-26.16,0.37,954080.2
2021-10-06 09:15:22.772,-9.31,-4.42,-26.2,0.07,953894.8
2021-10-06 09:15:22.778,-9.8,-5.66,-26.5,-0.4,953997.8
2021-10-06 09:15:22.784,-11.31,-5.99,-25.9,-0.99,953771.2
2021-10-06 09:15:22.790,-7.3,-4.46,-26.1,-0.37,954162.5
2021-10-06 09:15:22.796,-6.98,-4.32,-26.36,0.0,954100.7
2021-10-06 09:15:22.802,-7.24,-6.21,-26.17,-0.61,954121.3
2021-10-06 09:15:22.808,-11.18,-5.64,-26.32,-0.32,953544.6
2021-10-06 09:15:22.814,-7.8,-4.35,-26.1,-0.96,954039.0
2021-10-06 09:15:22.820,-9.7,-5.33,-26.51,-0.4,953956.6
2021-10-06 09:15:22.826,-8.21,-6.65,-26.1,-0.7,954080.2
2021-10-06 09:15:22.832,-8.41,-4.94,-26.02,0.0,954121.3
2021-10-06 09:15:22.838,-8.19,-4.28,-26.49,-1.11,954100.7
2021-10-06 09:15:22.844,-11.33,-5.45,-25.73,0.31,953812.4
2021-10-06 09:15:22.850,-10.98,-5.97,-26.5,-0.08,953771.2
2021-10-06 09:15:22.856,-8.49,-4.38,-26.1,0.62,954224.3
2021-10-06 09:15:22.862,-11.79,-4.08,-25.84,-0.25,953977.2
2021-10-06 09:15:22.868,-10.78,-5.68,-26.13,-0.33,953936.0
2021-10-06 09:15:22.874,-9.37,-6.36,-25.81,-0.86,953894.8
2021-10-06 09:15:22.880,-8.39,-4.67,-26.4,0.81,954244.9
2021-10-06 09:15:22.886,-9.45,-4.05,-26.36,0.14,953894.8
2021-10-06 09:15:22.892,-8.61,-6.21,-26.07,0.1,954080.2
2021-10-06 09:15:22.898,-12.67,-6.29,-26.21,-0.43,953730.0
2021-10-06 09:15:22.904,-11.06,-4.46,-25.86,-0.51,953956.6
2021-10-06 09:15:22.910,-11.91,-4.23,-26.49,-0.57,953997.8
2021-10-06 09:15:22.916,-7.82,-6.5,-26.1,-0.14,954306.7
2021-10-06 09:15:22.922,-11.83,-5.79,-26.38,-0.17,953874.2
2021-10-06 09:15:22.928,-10.56,-4.39,-26.36,-0.97,954039.0
2021-10-06 09:15:22.934,-12.83,-5.3,-25.94,0.35,953647.6
2021-10-06 09:15:22.940,-11.18,-6.22,-26.51,0.12,953977.2
2021-10-06 09:15:22.946,-10.84,-4.75,-26.02,0.37,954183.1
2021-10-06 09:15:22.952,-10.88,-4.05,-26.16,-0.43,954121.3
2021-10-06 09:15:22.958,-9.35,-5.52,-25.87,0.07,953997.8
2021-10-06 09:15:22.964,-10.82,-6.45,-26.03,-0.71,953956.6
2021-10-06 09:15:22.970,-8.85,-3.27,-26.49,1.12,954203.7
2021-10-06 09:15:22.976,-11.27,3.05,-26.01,0.61,953874.2
2021-10-06 09:15:22.982,-11.04,8.18,-26.23,0.15,954059.6
2021-10-06 09:15:22.988,-11.55,9.65,-25.77,-0.17,953936.0
2021-10-06 09:15:22.994,-7.74,7.54,-25.69,2.82,954430.3
2021-10-06 09:15:23.000,-5.39,3.18,-26.47,5.84,954430.3
2021-10-06 09:15:23.006,-6.19,-1.85,-25.54,8.8,954409.7
2021-10-06 09:15:23.012,-10.3,-1.52,-26.42,5.71,953668.2
2021-10-06 09:15:23.018,-12.43,0.17,-25.07,3.51,953668.2
2021-10-06 09:15:23.024,-13.16,-1.21,-25.83,4.98,953606.4
2021-10-06 09:15:23.030,-10.38,-3.36,-25.64,5.87,954080.2
2021-10-06 09:15:23.036,-11.99,-2.52,-25.68,3.95,953977.2
2021-10-06 09:15:23.042,-10.64,-1.19,-26.12,3.18,954141.9
2021-10-06 09:15:23.048,-12.07,-1.85,-25.29,4.51,953833.0
2021-10-06 09:15:23.054,-10.96,-2.79,-25.75,3.49,953915.4
2021-10-06 09:15:23.060,-13.58,-1.21,-25.95,4.36,953853.6
2021-10-06 09:15:23.066,-14.12,-1.25,-25.43,4.41,953936.0
2021-10-06 09:15:23.072,-13.66,-2.11,-25.26,4.36,954039.0
2021-10-06 09:15:23.078,-12.37,-1.91,-25.8,3.24,953997.8
2021-10-06 09:15:23.084,-12.79,0.19,-25.79,4.83,954059.6
2021-10-06 09:15:23.090,-10.2,-1.14,-25.66,3.58,954039.0
2021-10-06 09:15:23.096,-11.22,-2.3,-25.73,4.31,954100.7
2021-10-06 09:15:23.102,-14.99,-1.67,-25.73,3.47,953668.2
2021-10-06 09:15:23.108,-13.68,-0.67,-24.95,3.88,953915.4
2021-10-06 09:15:23.114,-12.63,-1.81,-25.86,3.97,954121.3
2021-10-06 09:15:23.120,-10.28,-1.85,-26.05,4.65,954306.7
2021-10-06 09:15:23.126,-12.17,-0.97,-25.8,3.55,953915.4
2021-10-06 09:15:23.132,-10.6,-1.0,-26.01,3.11,954141.9
2021-10-06 09:15:23.138,-13.84,-1.84,-25.98,4.42,953647.6
2021-10-06 09:15:23.144,-11.39,-2.02,-25.66,3.92,954100.7
2021-10-06 09:15:23.150,-14.02,-0.67,-25.47,4.13,953997.8
2021-10-06 09:15:23.156,-11.35,-0.85,-25.69,4.22,954224.3
2021-10-06 09:15:23.162,-14.16,-1.78,-25.39,4.62,953894.8
2021-10-06 09:15:23.168,-12.9,-1.88,-25.99,3.46,953977.2
2021-10-06 09:15:23.174,-12.65,0.05,-26.09,4.99,953915.4
2021-10-06 09:15:23.180,-14.73,-1.42,-25.47,4.25,953853.6
2021-10-06 09:15:23.186,-13.38,-2.59,-25.58,3.86,953956.6
2021-10-06 09:15:23.192,-15.13,-1.92,-25.31,3.82,953668.2
2021-10-06 09:15:23.198,-13.18,0.05,-25.1,4.37,954059.6
2021-10-06 09:15:23.204,-12.57,-1.38,-26.49,4.85,954080.2
2021-10-06 09:15:23.210,-11.2,-1.99,-26.25,4.94,954244.9
2021-10-06 09:15:23.216,-14.53,-1.19,-25.79,4.0,953647.6
2021-10-06 09:15:23.222,-13.56,-1.22,-26.46,3.6,953936.0
2021-10-06 09:15:23.228,-17.22,-2.39,-26.39,5.58,953730.0
2021-10-06 09:15:23.234,-15.21,-2.57,-25.5,4.21,954121.3
2021-10-06 09:15:23.240,-17.16,-0.85,-25.9,5.69,953853.6
2021-10-06 09:15:23.246,-14.12,-1.63,-26.13,5.7,954244.9
2021-10-06 09:15:23.252,-18.47,-2.85,-25.42,5.95,953730.0
2021-10-06 09:15:23.258,-16.36,-2.25,-26.51,5.17,953936.0
2021-10-06 09:15:23.264,-18.09,-1.23,-26.75,6.65,953750.6
2021-10-06 09:15:23.270,-18.21,-2.25,-25.37,5.73,953915.4
2021-10-06 09:15:23.276,-19.94,-4.48,-25.17,5.58,953936.0
2021-10-06 09:15:23.282,-21.27,-3.1,-25.98,6.4,953668.2
2021-10-06 09:15:23.288,-17.74,-0.46,-26.46,6.67,954121.3
2021-10-06 09:15:23.294,-23.1,-3.13,-26.43,7.88,953812.4
2021-10-06 09:15:23.300,-21.67,-4.87,-27.92,6.0,954080.2
2021-10-06 09:15:23.306,-27.42,-3.18,-26.82,6.51,953400.4
2021-10-06 09:15:23.312,-26.06,-2.52,-26.78,4.79,953833.0
2021-10-06 09:15:23.318,-29.96,-3.68,-28.05,9.44,953441.6
2021-10-06 09:15:23.324,-26.36,-6.32,-27.83,5.23,954347.9
2021-10-06 09:15:23.330,-28.71,-4.5,-26.36,8.32,953812.4
2021-10-06 09:15:23.336,-29.92,-3.5,-28.26,6.72,953606.4
2021-10-06 09:15:23.342,-33.32,-5.63,-28.64,10.33,953462.2
2021-10-06 09:15:23.348,-30.85,-7.42,-27.55,5.03,953894.8
2021-10-06 09:15:23.354,-31.87,-3.65,-28.22,8.64,953833.0
2021-10-06 09:15:23.360,-33.72,-3.88,-28.22,7.84,953750.6
2021-10-06 09:15:23.366,-34.77,-7.77,-25.87,8.31,953853.6
2021-10-06 09:15:23.372,-35.41,-6.7,-28.44,7.31,953750.6
2021-10-06 09:15:23.378,-33.56,-3.76,-28.89,8.96,953936.0
2021-10-06 09:15:23.384,-35.59,-7.11,-27.93,9.12,953627.0
2021-10-06 09:15:23.390,-36.64,-6.65,-28.16,7.01,953853.6
2021-10-06 09:15:23.396,-37.85,-7.15,-29.46,6.66,953730.0
2021-10-06 09:15:23.402,-35.71,-4.93,-27.2,6.98,954059.6
2021-10-06 09:15:23.408,-38.11,-7.18,-29.32,9.01,953771.2
2021-10-06 09:15:23.414,-34.1,-7.72,-29.61,6.71,954286.1
2021-10-06 09:15:23.420,-36.46,-9.52,-28.03,7.15,953936.0
2021-10-06 09:15:23.426,-35.51,-5.62,-29.26,6.59,954080.2
2021-10-06 09:15:23.432,-40.46,-7.86,-29.67,9.57,953688.8
2021-10-06 09:15:23.438,-33.88,-9.27,-28.26,4.53,954389.1
2021-10-06 09:15:23.444,-35.23,-7.44,-28.77,7.74,954265.5
2021-10-06 09:15:23.450,-31.47,-6.07,-29.08,6.72,954368.5
2021-10-06 09:15:23.456,-36.18,-8.13,-27.09,8.54,953833.0
2021-10-06 09:15:23.462,-32.15,-8.72,-29.48,3.96,954141.9
2021-10-06 09:15:23.468,-31.17,-6.62,-28.09,7.62,954409.7
2021-10-06 09:15:23.474,-32.31,-7.84,-27.89,6.68,954018.4
2021-10-06 09:15:23.480,-32.27,-7.62,-27.56,6.91,953977.2
2021-10-06 09:15:23.486,-31.73,-7.64,-28.92,4.77,954100.7
2021-10-06 09:15:23.492,-29.03,-7.37,-27.74,5.33,954265.5
2021-10-06 09:15:23.498,-29.9,-6.96,-27.15,6.81,954059.6
2021-10-06 09:15:23.504,-27.06,-7.29,-28.23,5.4,954265.5
2021-10-06 09:15:23.510,-29.11,-9.24,-27.5,4.71,954286.1
2021-10-06 09:15:23.516,-27.61,-6.87,-27.0,5.54,954059.6
2021-10-06 09:15:23.522,-25.93,-6.67,-28.47,7.23,954059.6
2021-10-06 09:15:23.528,-26.22,-8.87,-26.94,4.39,954286.1
2021-10-06 09:15:23.534,-23.08,-8.46,-26.45,4.74,954347.9
2021-10-06 09:15:23.540,-24.04,-5.07,-27.93,5.84,954080.2
2021-10-06 09:15:23.546,-24.14,-7.77,-25.97,7.03,954141.9
2021-10-06 09:15:23.552,-26.84,-8.98,-26.29,3.39,953956.6
2021-10-06 09:15:23.558,-22.59,-5.49,-26.54,6.06,954286.1
2021-10-06 09:15:23.564,-23.14,-6.19,-26.73,6.28,954080.2
2021-10-06 09:15:23.570,-24.59,-7.68,-25.77,5.05,953915.4
2021-10-06 09:15:23.576,-24.53,-6.03,-26.87,3.65,953977.2
2021-10-06 09:15:23.582,-21.87,-5.77,-26.65,5.5,954121.3
2021-10-06 09:15:23.588,-22.23,-6.67,-25.29,5.59,954039.0
2021-10-06 09:15:23.594,-21.91,-5.59,-26.23,5.17,953977.2
2021-10-06 09:15:23.600,-20.1,-5.68,-26.35,4.38,954203.7
2021-10-06 09:15:23.606,-20.5,-5.93,-25.37,4.99,954080.2
2021-10-06 09:15:23.612,-20.9,-4.2,-26.35,5.56,954018.4
2021-10-06 09:15:23.618,-18.91,-4.93,-25.59,4.21,954141.9
2021-10-06 09:15:23.624,-16.5,-5.42,-24.73,5.14,954450.9
2021-10-06 09:15:23.630,-21.37,-3.87,-25.86,4.87,953771.2
2021-10-06 09:15:23.636,-20.62,-4.01,-25.04,6.42,953956.6
2021-10-06 09:15:23.642,-20.68,-6.22,-24.76,3.74,953977.2
2021-10-06 09:15:23.648,-18.49,-3.99,-25.07,4.64,954141.9
2021-10-06 09:15:23.654,-20.9,-3.65,-25.58,4.98,953874.2
2021-10-06 09:15:23.660,-20.24,-4.53,-24.43,5.89,953977.2
2021-10-06 09:15:23.666,-19.58,-4.93,-25.11,3.01,953956.6
2021-10-06 09:15:23.672,-17.76,-4.05,-25.33,4.64,954080.2
2021-10-06 09:15:23.678,-19.54,-5.05,-24.3,5.56,953833.0
2021-10-06 09:15:23.684,-19.96,-4.13,-24.84,5.92,953874.2
2021-10-06 09:15:23.690,-18.11,-3.95,-25.91,3.97,954162.5
2021-10-06 09:15:23.696,-17.58,-5.12,-24.66,5.81,953997.8
2021-10-06 09:15:23.702,-20.58,-4.42,-24.66,6.09,953853.6
2021-10-06 09:15:23.708,-20.38,-4.05,-25.66,4.1,953894.8
2021-10-06 09:15:23.714,-17.5,-5.08,-24.4,3.45,954306.7
2021-10-06 09:15:23.720,-19.84,-4.1,-25.18,1.26,953977.2
2021-10-06 09:15:23.726,-18.31,-3.72,-25.58,-2.49,954100.7
2021-10-06 09:15:23.732,-14.59,-4.74,-24.12,-5.33,954471.5
2021-10-06 09:15:23.738,-5.27,-2.68,-24.03,-4.91,955192.5
2021-10-06 09:15:23.744,-1.77,0.87,-24.4,-5.02,954986.5
2021-10-06 09:15:23.750,-1.24,-0.28,-22.56,-3.91,954595.1
2021-10-06 09:15:23.756,-2.73,-1.16,-22.2,-2.82,954203.7
2021-10-06 09:15:23.762,-1.4,0.09,-21.66,-3.19,954203.7
2021-10-06 09:15:23.768,-1.4,0.79,-21.68,-3.09,954203.7
2021-10-06 09:15:23.774,-1.75,0.04,-21.31,-2.96,953936.0
2021-10-06 09:15:23.780,-3.62,0.2,-21.16,-2.6,953750.6
2021-10-06 09:15:23.786,-3.46,0.02,-21.2,-2.75,953977.2
2021-10-06 09:15:23.792,-1.24,0.32,-21.25,-2.57,954039.0
2021-10-06 09:15:23.798,-3.05,0.41,-21.31,-2.2,953977.2
2021-10-06 09:15:23.804,-2.09,0.27,-21.27,-2.46,954059.6
2021-10-06 09:15:23.810,-3.14,0.35,-21.29,-2.46,953977.2
2021-10-06 09:15:23.816,-2.43,0.37,-21.42,-2.47,954121.3
2021-10-06 09:15:23.822,-3.62,0.23,-21.42,-2.62,953853.6
2021-10-06 09:15:23.828,-1.93,0.28,-21.49,-2.54,954162.5
2021-10-06 09:15:23.834,-3.58,0.31,-21.57,-2.52,954080.2
2021-10-06 09:15:23.840,-3.22,0.27,-21.66,-2.53,953874.2
2021-10-06 09:15:23.846,-3.76,0.08,-21.77,-2.62,953853.6
2021-10-06 09:15:23.852,-1.67,0.0,-21.86,-2.43,954080.2
2021-10-06 09:15:23.858,-2.09,0.16,-21.95,-2.57,954039.0
2021-10-06 09:15:23.864,-3.26,0.08,-21.98,-2.63,953894.8
2021-10-06 09:15:23.870,-4.83,-0.02,-22.15,-2.52,953812.4
2021-10-06 09:15:23.876,-4.54,-0.09,-22.17,-2.56,953936.0
2021-10-06 09:15:23.882,-2.33,0.01,-22.27,-2.49,954080.2
2021-10-06 09:15:23.888,-3.48,0.0,-22.34,-2.4,953997.8
2021-10-06 09:15:23.894,-4.44,-0.05,-22.39,-2.48,953915.4
2021-10-06 09:15:23.900,-3.84,-0.09,-22.42,-2.68,954059.6
2021-10-06 09:15:23.906,-1.77,-0.01,-22.5,-2.43,954162.5
2021-10-06 09:15:23.912,-2.67,-0.05,-22.57,-2.45,954018.4
2021-10-06 09:15:23.918,-2.77,-0.13,-22.67,-2.53,954080.2
2021-10-06 09:15:23.924,-2.25,-0.08,-22.65,-2.55,954080.2
2021-10-06 09:15:23.930,-1.93,-0.09,-22.64,-2.51,953977.2
2021-10-06 09:15:23.936,-3.3,-0.19,-22.74,-2.47,953936.0
2021-10-06 09:15:23.942,-2.41,-0.19,-22.78,-2.33,954121.3
2021-10-06 09:15:23.948,-1.65,-0.11,-22.8,-2.38,954039.0
2021-10-06 09:15:23.954,-3.28,-0.12,-22.72,-2.52,953853.6
2021-10-06 09:15:23.960,-4.64,-0.06,-22.83,-2.52,953833.0
2021-10-06 09:15:23.966,-3.4,-0.08,-22.89,-2.27,953997.8
2021-10-06 09:15:23.972,-2.35,0.0,-22.91,-2.27,954080.2
2021-10-06 09:15:23.978,-2.93,0.13,-22.8,-2.45,954018.4
2021-10-06 09:15:23.984,-3.76,0.17,-22.82,-2.51,953874.2
2021-10-06 09:15:23.990,-2.67,0.23,-22.79,-2.53,953936.0
2021-10-06 09:15:23.996,-0.08,0.34,-22.87,-2.48,954141.9
2021-10-06 09:15:24.002,-0.54,0.38,-22.82,-2.41,954100.7
2021-10-06 09:15:24.008,-2.51,0.35,-22.69,-2.54,953894.8
2021-10-06 09:15:24.014,-0.68,0.42,-22.67,-2.71,954059.6
2021-10-06 09:15:24.020,0.8,0.48,-22.58,-2.39,954224.3
2021-10-06 09:15:24.026,-1.14,0.48,-22.65,-2.34,953956.6
2021-10-06 09:15:24.032,-0.84,0.53,-22.53,-2.57,954141.9
2021-10-06 09:15:24.038,-1.18,0.59,-22.5,-2.59,954100.7
2021-10-06 09:15:24.044,-1.22,0.59,-22.34,-2.41,954059.6
2021-10-06 09:15:24.050,-3.6,0.64,-22.42,-2.36,953833.0
2021-10-06 09:15:24.056,-1.53,0.64,-22.42,-2.34,954080.2
2021-10-06 09:15:24.062,-1.91,0.7,-22.3,-2.32,954039.0
2021-10-06 09:15:24.068,-1.77,0.68,-22.28,-2.34,954018.4
2021-10-06 09:15:24.074,-2.35,0.68,-22.23,-2.4,953791.8
2021-10-06 09:15:24.080,-2.77,0.65,-22.34,-2.38,953874.2
2021-10-06 09:15:24.086,0.1,0.71,-22.34,-2.32,954100.7
2021-10-06 09:15:24.092,0.38,0.71,-22.24,-2.39,954121.3
2021-10-06 09:15:24.098,-2.21,0.7,-22.27,-2.44,953915.4
2021-10-06 09:15:24.104,-1.81,0.6,-22.21,-2.51,953915.4
2021-10-06 09:15:24.110,-1.79,0.52,-22.31,-2.46,954039.0
2021-10-06 09:15:24.116,-0.86,0.49,-22.21,-2.49,954080.2
2021-10-06 09:15:24.122,-2.19,0.49,-22.23,-2.45,953956.6
2021-10-06 09:15:24.128,-2.17,0.48,-22.23,-2.55,954100.7
2021-10-06 09:15:24.134,-1.77,0.43,-22.15,-2.51,953997.8
2021-10-06 09:15:24.140,-2.35,0.41,-22.2,-2.41,953997.8
2021-10-06 09:15:24.146,-2.07,0.38,-22.1,-2.35,954039.0
2021-10-06 09:15:24.152,-1.4,0.37,-22.08,-2.41,954100.7
2021-10-06 09:15:24.158,-1.36,0.37,-22.06,-2.51,953936.0
2021-10-06 09:15:24.164,-2.41,0.34,-22.02,-2.4,953874.2
2021-10-06 09:15:24.170,-1.71,0.28,-22.09,-2.26,953977.2
2021-10-06 09:15:24.176,-0.22,0.24,-22.01,-2.36,954121.3
2021-10-06 09:15:24.182,-0.68,0.26,-21.99,-2.35,954039.0
2021-10-06 09:15:24.188,-1.77,0.2,-21.98,-2.41,953915.4
2021-10-06 09:15:24.194,-2.67,0.2,-21.98,-2.46,953894.8
2021-10-06 09:15:24.200,-0.16,0.17,-22.04,-2.42,954162.5
2021-10-06 09:15:24.206,-1.83,0.21,-21.97,-2.38,954121.3
2021-10-06 09:15:24.212,-2.31,0.19,-21.99,-2.46,953956.6
2021-10-06 09:15:24.218,-2.39,0.19,-21.95,-2.52,954059.6
2021-10-06 09:15:24.224,-0.72,0.15,-21.97,-2.35,954121.3
2021-10-06 09:15:24.230,-1.44,0.15,-21.95,-2.37,953977.2
2021-10-06 09:15:24.236,-1.44,0.15,-21.94,-2.51,954059.6
2021-10-06 09:15:24.242,-1.69,0.13,-21.97,-2.49,954080.2
2021-10-06 09:15:24.248,-0.68,0.15,-21.88,-2.32,954018.4
2021-10-06 09:15:24.254,-1.79,0.13,-21.9,-2.45,953853.6
2021-10-06 09:15:24.260,-2.11,0.1,-21.87,-2.46,953936.0
2021-10-06 09:15:24.266,-2.37,0.12,-21.83,-2.26,954039.0
2021-10-06 09:15:24.272,-1.55,0.15,-21.86,-2.27,953977.2
2021-10-06 09:15:24.278,-2.97,0.12,-21.82,-2.51,953812.4
2021-10-06 09:15:24.284,-3.44,0.13,-21.87,-2.44,953894.8
2021-10-06 09:15:24.290,-0.88,0.1,-21.84,-2.28,954059.6
2021-10-06 09:15:24.296,-1.2,0.1,-21.82,-2.27,954100.7
2021-10-06 09:15:24.302,-2.69,0.12,-21.84,-2.38,953977.2
2021-10-06 09:15:24.308,-2.27,0.1,-21.82,-2.41,953936.0
2021-10-06 09:15:24.314,-0.16,0.08,-21.87,-2.36,954121.3
2021-10-06 09:15:24.320,-0.06,0.05,-21.82,-2.32,954121.3
2021-10-06 09:15:24.326,-0.94,0.09,-21.88,-2.38,953977.2
2021-10-06 09:15:24.332,-1.28,0.05,-21.86,-2.46,953997.8
2021-10-06 09:15:24.338,-0.54,0.08,-21.82,-2.38,954059.6
2021-10-06 09:15:24.344,-1.3,0.06,-21.84,-2.38,953977.2
2021-10-06 09:15:24.350,-1.97,0.09,-21.83,-2.39,954080.2
2021-10-06 09:15:24.356,-0.56,0.12,-21.87,-2.48,954100.7
2021-10-06 09:15:24.362,-1.47,0.17,-21.87,-2.45,953956.6
2021-10-06 09:15:24.368,-3.38,0.17,-21.82,-2.37,953833.0
2021-10-06 09:15:24.374,-3.01,0.2,-21.86,-2.39,953853.6
2021-10-06 09:15:24.380,-3.01,0.19,-21.8,-2.4,953956.6
2021-10-06 09:15:24.386,-1.1,0.21,-21.82,-2.32,954018.4
2021-10-06 09:15:24.392,-1.77,0.24,-21.82,-2.32,953874.2
2021-10-06 09:15:24.398,-2.01,0.24,-21.8,-2.38,953853.6
2021-10-06 09:15:24.404,-0.84,0.24,-21.84,-2.37,954183.1
2021-10-06 09:15:24.410,-0.52,0.23,-21.8,-2.33,953997.8
2021-10-06 09:15:24.416,-1.16,0.23,-21.83,-2.32,953956.6
2021-10-06 09:15:24.422,-1.38,0.23,-21.77,-2.36,953936.0
2021-10-06 09:15:24.428,-1.4,0.26,-21.79,-2.32,954121.3
2021-10-06 09:15:24.434,-1.97,0.24,-21.84,-2.46,954059.6
2021-10-06 09:15:24.440,-1.55,0.27,-21.84,-1.65,954039.0
2021-10-06 09:15:24.446,-2.49,0.3,-21.83,1.3,953956.6
2021-10-06 09:15:24.452,-2.47,2.23,-21.77,2.51,953997.8
2021-10-06 09:15:24.458,-2.47,3.69,-21.71,0.53,953894.8
2021-10-06 09:15:24.464,-1.87,6.23,-21.84,-0.71,953977.2
2021-10-06 09:15:24.470,-1.85,12.73,-21.79,-0.47,954141.9
2021-10-06 09:15:24.476,-0.86,19.35,-21.91,-0.79,954100.7
2021-10-06 09:15:24.482,-1.08,18.46,-21.83,-1.41,953874.2
2021-10-06 09:15:24.488,-0.78,10.19,-21.86,-1.4,953894.8
2021-10-06 09:15:24.494,-0.72,4.05,-21.84,-1.33,954183.1
2021-10-06 09:15:24.500,-1.1,5.61,-21.79,-1.4,954141.9
2021-10-06 09:15:24.506,-1.53,8.5,-21.84,-1.49,954059.6
2021-10-06 09:15:24.512,-2.01,6.7,-21.76,-1.45,953977.2
2021-10-06 09:15:24.518,-1.24,3.4,-21.8,-1.46,954162.5
2021-10-06 09:15:24.524,-2.47,3.22,-21.75,-1.41,954018.4
2021-10-06 09:15:24.530,-1.12,5.08,-21.79,-1.39,953997.8
2021-10-06 09:15:24.536,-1.97,5.85,-21.8,-1.35,954018.4
2021-10-06 09:15:24.542,-2.77,4.85,-21.83,-1.31,954039.0
2021-10-06 09:15:24.548,-1.71,3.91,-21.84,-1.24,953874.2
2021-10-06 09:15:24.554,-1.57,4.24,-21.83,-1.23,954039.0
2021-10-06 09:15:24.560,-2.03,5.24,-21.84,-1.23,953936.0
2021-10-06 09:15:24.566,-1.63,5.44,-21.86,-1.2,953936.0
2021-10-06 09:15:24.572,-2.77,4.87,-21.82,-1.19,953812.4
2021-10-06 09:15:24.578,-3.22,4.3,-21.84,-1.17,953833.0
2021-10-06 09:15:24.584,-0.72,4.57,-21.76,-1.16,954080.2
2021-10-06 09:15:24.590,-0.68,5.38,-21.82,-1.13,954059.6
2021-10-06 09:15:24.596,-1.36,5.28,-21.79,-1.14,953894.8
2021-10-06 09:15:24.602,-2.57,4.54,-21.8,-1.09,953915.4
2021-10-06 09:15:24.608,-1.65,4.57,-21.82,-1.11,954039.0
2021-10-06 09:15:24.614,-0.28,4.79,-21.82,-1.13,954100.7
2021-10-06 09:15:24.620,-1.53,5.07,-21.84,-1.12,954080.2
2021-10-06 09:15:24.626,-0.8,4.9,-21.86,-1.12,953997.8
2021-10-06 09:15:24.632,-1.28,4.67,-21.83,-1.12,954039.0
2021-10-06 09:15:24.638,-0.72,4.63,-21.83,-1.12,953997.8
2021-10-06 09:15:24.644,-0.76,4.96,-21.83,-1.12,954100.7
2021-10-06 09:15:24.650,-0.2,5.08,-21.83,-1.1,954018.4
2021-10-06 09:15:24.656,-1.06,5.23,-21.84,-1.14,953936.0
2021-10-06 09:15:24.662,-1.69,4.9,-21.82,-1.12,953915.4
2021-10-06 09:15:24.668,-1.44,4.49,-21.8,-1.1,953936.0
2021-10-06 09:15:24.674,-0.98,4.5,-21.82,-1.1,954039.0
2021-10-06 09:15:24.680,-2.13,5.11,-21.86,-1.08,953936.0
2021-10-06 09:15:24.686,-1.77,5.34,-21.83,-1.1,953956.6
2021-10-06 09:15:24.692,-2.75,4.89,-21.79,-1.1,953853.6
2021-10-06 09:15:24.698,0.1,4.52,-21.82,-1.08,954162.5
2021-10-06 09:15:24.704,-0.96,4.79,-21.82,-1.1,954059.6
2021-10-06 09:15:24.710,-1.69,5.01,-21.83,-1.09,953997.8
2021-10-06 09:15:24.716,-2.01,4.71,-21.84,-1.08,953956.6
2021-10-06 09:15:24.722,0.46,4.64,-21.8,-1.09,954080.2
2021-10-06 09:15:24.728,-0.82,4.8,-21.83,-1.1,953997.8
2021-10-06 09:15:24.734,0.3,4.82,-21.84,-1.1,954183.1
2021-10-06 09:15:24.740,-1.02,4.85,-21.88,-1.08,954018.4
2021-10-06 09:15:24.746,-1.04,5.08,-21.84,-1.12,954039.0
2021-10-06 09:15:24.752,-2.63,4.91,-21.86,-1.09,953874.2
2021-10-06 09:15:24.758,-1.59,4.63,-21.84,-1.09,953956.6
2021-10-06 09:15:24.764,-1.4,4.79,-21.84,-1.09,953997.8
2021-10-06 09:15:24.770,-1.02,5.24,-21.87,-1.07,954018.4
2021-10-06 09:15:24.776,-3.76,5.26,-21.82,-1.09,953791.8
2021-10-06 09:15:24.782,-3.14,4.58,-21.83,-1.11,953853.6
2021-10-06 09:15:24.788,-0.66,4.49,-21.87,-1.1,954080.2
2021-10-06 09:15:24.794,0.1,4.91,-21.84,-1.09,954141.9
2021-10-06 09:15:24.800,-1.97,5.15,-21.84,-1.08,953977.2
2021-10-06 09:15:24.806,-1.47,5.0,-21.83,-1.1,953915.4
2021-10-06 09:15:24.812,-0.38,4.72,-21.86,-1.09,954080.2
2021-10-06 09:15:24.818,-0.6,4.74,-21.88,-1.1,954162.5
2021-10-06 09:15:24.824,-0.8,5.08,-21.84,-1.09,954018.4
2021-10-06 09:15:24.830,-1.87,5.01,-21.88,-1.06,953915.4
2021-10-06 09:15:24.836,-2.05,4.97,-21.88,-1.12,954018.4
2021-10-06 09:15:24.842,-1.51,4.93,-21.84,-1.09,954018.4
2021-10-06 09:15:24.848,-1.55,4.89,-21.9,-1.11,954059.6
2021-10-06 09:15:24.854,-1.26,4.93,-21.87,-1.09,954039.0
2021-10-06 09:15:24.860,-2.27,5.3,-21.86,-1.1,953853.6
2021-10-06 09:15:24.866,-2.81,5.27,-21.87,-1.09,953833.0
2021-10-06 09:15:24.872,-1.59,4.75,-21.86,-1.09,953936.0
2021-10-06 09:15:24.878,-0.66,4.49,-21.84,-1.11,953997.8
2021-10-06 09:15:24.884,-0.8,4.9,-21.84,-1.08,954080.2
2021-10-06 09:15:24.890,-1.71,5.38,-21.87,-1.08,953956.6
2021-10-06 09:15:24.896,-1.57,4.91,-21.87,-1.09,953874.2
2021-10-06 09:15:24.902,-1.12,4.69,-21.9,-1.09,954162.5
2021-10-06 09:15:24.908,-1.0,5.04,-21.87,-1.08,954018.4
2021-10-06 09:15:24.914,-1.04,5.07,-21.86,-1.1,954080.2
2021-10-06 09:15:24.920,-1.42,4.9,-21.9,-1.07,954080.2
2021-10-06 09:15:24.926,-0.18,5.02,-21.87,-1.09,954039.0
2021-10-06 09:15:24.932,-1.81,5.0,-21.88,-1.09,954018.4
2021-10-06 09:15:24.938,-1.14,4.94,-21.87,-1.1,954121.3
2021-10-06 09:15:24.944,-1.4,5.0,-21.87,-1.07,953997.8
2021-10-06 09:15:24.950,-1.12,5.27,-21.91,-1.09,954059.6
2021-10-06 09:15:24.956,-2.33,4.71,-21.87,-1.1,953915.4
2021-10-06 09:15:24.962,-1.42,0.54,-21.91,-1.07,953997.8
2021-10-06 09:15:24.968,-0.72,-6.78,-21.88,-1.1,954141.9
2021-10-06 09:15:24.974,-0.24,-10.47,-21.87,-1.04,954018.4
2021-10-06 09:15:24.980,-2.57,-9.17,-21.9,1.04,953812.4
2021-10-06 09:15:24.986,-2.95,-3.62,-21.9,4.93,953833.0
2021-10-06 09:15:24.992,-0.38,0.19,-21.93,7.39,954039.0
2021-10-06 09:15:24.998,-1.18,0.27,-21.97,5.34,954100.7
2021-10-06 09:15:25.004,-1.22,-0.17,-21.95,2.9,954018.4
2021-10-06 09:15:25.010,-2.49,0.93,-22.01,3.49,953936.0
2021-10-06 09:15:25.016,-1.1,2.43,-21.97,3.77,954203.7
2021-10-06 09:15:25.022,-1.93,2.76,-21.94,2.75,953956.6
2021-10-06 09:15:25.028,-1.18,2.06,-21.95,2.6,954100.7
2021-10-06 09:15:25.034,-2.61,1.78,-21.93,2.95,954080.2
2021-10-06 09:15:25.040,-1.57,2.28,-21.94,2.67,953977.2
2021-10-06 09:15:25.046,-1.55,2.23,-21.88,2.47,953956.6
2021-10-06 09:15:25.052,-0.38,1.93,-21.87,2.63,954100.7
2021-10-06 09:15:25.058,-0.78,1.77,-21.91,2.63,954018.4
2021-10-06 09:15:25.064,-1.2,1.71,-21.93,2.55,953936.0
2021-10-06 09:15:25.070,-2.65,1.59,-21.93,2.46,953853.6
2021-10-06 09:15:25.076,-3.18,1.47,-21.94,2.51,953894.8
2021-10-06 09:15:25.082,-0.88,1.45,-21.95,2.47,954059.6
2021-10-06 09:15:25.088,-1.08,1.41,-21.99,2.52,954059.6
2021-10-06 09:15:25.094,-2.65,1.34,-21.95,2.55,953915.4
2021-10-06 09:15:25.100,-2.77,1.31,-21.95,2.46,954018.4
2021-10-06 09:15:25.106,-0.5,1.34,-21.94,2.52,954121.3
2021-10-06 09:15:25.112,-0.48,1.36,-21.93,2.59,954080.2
2021-10-06 09:15:25.118,-1.1,1.37,-21.93,2.6,954039.0
2021-10-06 09:15:25.124,-1.34,1.38,-21.91,2.55,953997.8
2021-10-06 09:15:25.130,-0.68,1.44,-21.94,2.58,953956.6
2021-10-06 09:15:25.136,-1.32,1.45,-21.88,2.57,953977.2
2021-10-06 09:15:25.142,-1.24,1.44,-21.91,2.54,954080.2
2021-10-06 09:15:25.148,-0.54,1.38,-21.91,2.57,954039.0
2021-10-06 09:15:25.154,-1.73,1.4,-21.9,2.62,953894.8
2021-10-06 09:15:25.160,-2.89,1.38,-21.94,2.58,953874.2
2021-10-06 09:15:25.166,-2.63,1.38,-21.95,2.48,953936.0
2021-10-06 09:15:25.172,-1.4,1.38,-21.94,2.44,954018.4
2021-10-06 09:15:25.178,-1.67,1.38,-21.98,2.55,954039.0
2021-10-06 09:15:25.184,-2.45,1.41,-21.97,2.61,953936.0
2021-10-06 09:15:25.190,-2.35,1.4,-21.98,2.51,953812.4
2021-10-06 09:15:25.196,0.32,1.4,-21.95,2.41,954162.5
2021-10-06 09:15:25.202,0.4,1.42,-21.98,2.43,954162.5
2021-10-06 09:15:25.208,-1.42,1.44,-21.95,2.59,953915.4
2021-10-06 09:15:25.214,-0.52,1.42,-21.97,2.64,953997.8
2021-10-06 09:15:25.220,0.94,1.42,-21.98,2.54,954162.5
2021-10-06 09:15:25.226,-0.58,1.45,-21.95,2.53,953936.0
2021-10-06 09:15:25.232,-0.26,1.45,-21.97,2.62,954162.5
2021-10-06 09:15:25.238,-1.08,1.41,-21.98,2.49,954039.0
2021-10-06 09:15:25.244,-1.2,1.47,-21.99,2.46,954039.0
2021-10-06 09:15:25.250,-2.99,1.48,-21.98,2.6,953874.2
2021-10-06 09:15:25.256,-1.2,1.45,-21.94,2.55,954059.6
2021-10-06 09:15:25.262,-1.85,1.45,-21.99,2.46,954018.4
2021-10-06 09:15:25.268,-1.36,1.47,-21.98,2.53,954018.4
2021-10-06 09:15:25.274,-2.05,1.45,-21.98,2.58,953791.8
2021-10-06 09:15:25.280,-2.53,1.45,-21.95,2.53,953853.6
2021-10-06 09:15:25.286,0.16,1.45,-21.94,2.5,954059.6
2021-10-06 09:15:25.292,0.74,1.44,-21.95,2.58,954121.3
2021-10-06 09:15:25.298,-1.79,1.48,-21.95,2.52,953977.2
2021-10-06 09:15:25.304,-1.47,1.47,-21.95,2.54,953936.0
2021-10-06 09:15:25.310,-1.71,1.45,-21.99,2.55,954059.6
2021-10-06 09:15:25.316,-0.52,1.45,-21.97,2.51,954080.2
2021-10-06 09:15:25.322,-1.79,1.47,-21.98,2.41,953956.6
2021-10-06 09:15:25.328,-2.13,1.45,-22.01,2.54,954039.0
2021-10-06 09:15:25.334,-1.75,1.47,-21.97,2.62,953997.8
2021-10-06 09:15:25.340,-2.11,1.48,-21.98,2.51,954039.0
2021-10-06 09:15:25.346,-1.59,1.47,-21.95,2.46,954100.7
2021-10-06 09:15:25.352,-1.55,1.45,-21.99,2.52,954121.3
2021-10-06 09:15:25.358,-1.38,1.51,-21.98,2.59,953915.4
2021-10-06 09:15:25.364,-2.19,1.53,-22.01,2.52,953936.0
2021-10-06 09:15:25.370,-1.49,1.49,-21.98,2.51,953977.2
2021-10-06 09:15:25.376,-0.38,1.49,-21.99,2.57,954100.7
2021-10-06 09:15:25.382,-0.62,1.48,-21.99,2.55,954039.0
2021-10-06 09:15:25.388,-1.4,1.47,-21.99,2.56,953915.4
2021-10-06 09:15:25.394,-2.75,1.47,-21.99,2.58,953853.6
2021-10-06 09:15:25.400,-0.06,1.45,-21.98,2.55,954183.1
2021-10-06 09:15:25.406,-1.81,1.48,-21.98,2.53,954121.3
2021-10-06 09:15:25.412,-2.01,1.51,-22.02,2.52,954018.4
2021-10-06 09:15:25.418,-2.35,1.49,-21.98,2.6,954039.0
2021-10-06 09:15:25.424,-0.88,1.52,-21.98,2.55,954080.2
2021-10-06 09:15:25.430,-1.16,1.53,-21.98,2.46,953997.8
2021-10-06 09:15:25.436,-1.26,1.51,-21.99,2.51,954059.6
2021-10-06 09:15:25.442,-1.75,1.49,-22.01,2.55,954059.6
2021-10-06 09:15:25.448,-0.9,1.49,-21.99,2.54,954039.0
2021-10-06 09:15:25.454,-1.55,1.47,-21.99,2.55,953874.2
2021-10-06 09:15:25.460,-2.13,1.47,-22.01,2.54,953915.4
2021-10-06 09:15:25.466,-2.33,1.47,-22.01,2.52,954018.4
2021-10-06 09:15:25.472,-1.3,1.48,-22.02,2.51,953997.8
2021-10-06 09:15:25.478,-2.67,1.48,-21.99,2.6,953812.4
2021-10-06 09:15:25.484,-3.42,1.48,-22.01,2.6,953874.2
2021-10-06 09:15:25.490,-0.72,1.48,-21.99,2.52,954018.4
2021-10-06 09:15:25.496,-1.12,1.49,-21.99,2.6,954100.7
2021-10-06 09:15:25.502,-2.45,1.51,-21.99,2.57,953997.8
2021-10-06 09:15:25.508,-2.31,1.48,-21.98,2.54,953915.4
2021-10-06 09:15:25.514,-0.22,1.49,-22.01,2.59,954141.9
2021-10-06 09:15:25.520,0.02,1.47,-22.02,2.54,954141.9
2021-10-06 09:15:25.526,-0.62,1.49,-22.02,2.55,953977.2
2021-10-06 09:15:25.532,-1.24,1.47,-22.04,2.62,953997.8
2021-10-06 09:15:25.538,-0.7,1.47,-22.01,2.65,954018.4
2021-10-06 09:15:25.544,-1.24,1.45,-22.01,2.51,953956.6
2021-10-06 09:15:25.550,-1.89,1.44,-22.01,2.55,954080.2
2021-10-06 09:15:25.556,-0.5,1.42,-22.02,2.6,954080.2
2021-10-06 09:15:25.562,-1.63,1.47,-22.04,2.55,953977.2
2021-10-06 09:15:25.568,-3.24,1.45,-22.02,2.52,953853.6
2021-10-06 09:15:25.574,-3.12,1.44,-22.02,2.58,953853.6
2021-10-06 09:15:25.580,-2.97,1.45,-22.01,2.61,954018.4
2021-10-06 09:15:25.586,-1.08,1.45,-21.99,2.56,953997.8
2021-10-06 09:15:25.592,-1.51,1.45,-22.02,2.55,953936.0
2021-10-06 09:15:25.598,-1.95,1.45,-22.01,2.57,953894.8
2021-10-06 09:15:25.604,-0.52,1.45,-22.04,2.61,954203.7
2021-10-06 09:15:25.610,-0.42,1.42,-22.02,2.59,954039.0
2021-10-06 09:15:25.616,-0.8,1.42,-22.02,2.62,953997.8
2021-10-06 09:15:25.622,-1.34,1.41,-22.04,2.57,953956.6
2021-10-06 09:15:25.628,-1.36,1.44,-22.01,2.64,954121.3
2021-10-06 09:15:25.634,-1.59,1.45,-22.08,2.66,954100.7
2021-10-06 09:15:25.640,-1.51,1.41,-22.04,2.54,954039.0
2021-10-06 09:15:25.646,-2.45,1.42,-22.05,2.55,953956.6
2021-10-06 09:15:25.652,-2.47,1.42,-22.05,2.68,953997.8
2021-10-06 09:15:25.658,-2.09,1.44,-22.02,2.7,953915.4
2021-10-06 09:15:25.664,-1.47,1.45,-22.06,2.55,953977.2
2021-10-06 09:15:25.670,-1.83,1.45,-22.01,2.49,954121.3
2021-10-06 09:15:25.676,-0.74,1.47,-22.04,2.59,954080.2
2021-10-06 09:15:25.682,-0.82,1.42,-22.06,2.58,953853.6
2021-10-06 09:15:25.688,-0.74,1.42,-22.04,2.58,953874.2
2021-10-06 09:15:25.694,-0.76,1.44,-22.06,2.59,954162.5
2021-10-06 09:15:25.700,-1.14,1.42,-22.02,1.45,954141.9
